tconst,letterboxd_title,letterboxd_directors,letterboxd_writers
tt30811257,Attenborough’s Journey,Oliver Twinch,\N
tt30869594,Slashercise,Ama Lea,Ama Lea
tt30970776,Twisted Hearts,Michael A. Pinckney,Taylor Love
tt3101360,Expatriate,Renato Lucas,Renato Lucas
tt3116676,IMDb ID Not found,\N,\N
tt3118628,Bastardo,Néjib Belkadhi,Néjib Belkadhi; Nicolas Simonin
tt31227538,Fast Break,Don Zavin,Don Zavin
tt31250833,Lafran,Faozan Rizal,Oka Aurora; Jujur Prananto
tt31315981,GrimTrax,Michael J. Nelson,Michael J. Nelson; Bill Corbett; Sean Thomason; Zach Shatzer; Conor Lastowka; Kevin Murphy; Jason Miller
tt3137432,東京闇虫,Sakichi Sato,Sakichi Sato
tt31461677,IMDb ID Not found,\N,\N
tt3146264,Agent 2000,Stefan Nieuwoudt,Lelia Etsebeth; Danie Bester; Hydie Loots
tt31530596,Snow White and the 7 Samurai,Michael Su,Jacob David Smith
tt3153946,IMDb ID Not found,\N,\N
tt3159590,IMDb ID Not found,\N,\N
tt3162700,IMDb ID Not found,\N,\N
tt3165210,Darcy,Heidi Philipsen; Jon Russell Cring,Jon Russell Cring; Tracy Nichole Cring
tt31795947,IMDb ID Not found,\N,\N
tt31797357,IMDb ID Not found,\N,\N
tt3181098,IMDb ID Not found,\N,\N
tt31840715,Little Pet,Alex Gruenenfelder,Alex Gruenenfelder
tt31887309,IMDb ID Not found,\N,\N
tt31921921,IMDb ID Not found,\N,\N
tt31947358,IMDb ID Not found,\N,\N
tt32055882,Burner,Robert Orr,Robert Orr
tt32056002,IMDb ID Not found,\N,\N
tt3214416,IMDb ID Not found,\N,\N
tt3218102,IMDb ID Not found,\N,\N
tt32230042,IMDb ID Not found,\N,\N
tt32253253,IMDb ID Not found,\N,\N
tt3228096,IMDb ID Not found,\N,\N
tt32306046,La Femme cachée,Bachir Bensaddek,María Camila Arias
tt32331122,IMDb ID Not found,\N,\N
tt32351535,IMDb ID Not found,\N,\N
tt32364470,IMDb ID Not found,\N,\N
tt32386450,IMDb ID Not found,\N,\N
tt32439503,IMDb ID Not found,\N,\N
tt3245986,Widow of a living man,Henry Barakat,Nabil Gholam
tt32462777,IMDb ID Not found,\N,\N
tt3249810,Cesar Millan: The Real Story,Doug Shultz,Erica Sashin; Doug Shultz
tt32525026,Naale Rajaa Koli Majaa,Abhilash Shetty,Abhilash Shetty
tt32534879,IMDb ID Not found,\N,\N
tt32552126,IMDb ID Not found,\N,\N
tt3257072,Fish & Cat,Shahram Mokri,Shahram Mokri
tt32619284,IMDb ID Not found,\N,\N
tt32636374,IMDb ID Not found,\N,\N
tt32638930,IMDb ID Not found,\N,\N
tt32657611,"Anaïs, 2 chapitres",Marion Gervais,\N
tt32793394,IMDb ID Not found,\N,\N
tt32857098,IMDb ID Not found,\N,\N
tt32857644,IMDb ID Not found,\N,\N
tt32897959,Wuthering Heights,Emerald Fennell,Emerald Fennell
tt32912054,IMDb ID Not found,\N,\N
tt3293908,IMDb ID Not found,\N,\N
tt33089694,IMDb ID Not found,\N,\N
tt3311926,IMDb ID Not found,\N,\N
tt33130645,The Streak,Kelyn Ikegami,\N
tt33222127,IMDb ID Not found,\N,\N
tt33246826,My Shadow,\N,\N
tt33268513,Cracked,Alana Simões,Alana Simões
tt33290198,IMDb ID Not found,\N,\N
tt33307005,Unknown Caller,Thomas Sahagun,Thomas Sahagun
tt3332968,IMDb ID Not found,\N,\N
tt33384837,IMDb ID Not found,\N,\N
tt33396612,Sous écrous,Hakim Bougheraba,Ali Bougheraba; Redouane Bougheraba; Hakim Bougheraba; Ichem Bougheraba
tt33397286,IMDb ID Not found,\N,\N
tt33484595,IMDb ID Not found,\N,\N
tt3348972,IMDb ID Not found,\N,\N
tt33501737,IMDb ID Not found,\N,\N
tt33558791,समझौता,\N,\N
tt33624148,IMDb ID Not found,\N,\N
tt33886437,IMDb ID Not found,\N,\N
tt3396080,IMDb ID Not found,\N,\N
tt3407994,IMDb ID Not found,\N,\N
tt3410834,Allegiant,Robert Schwentke,Noah Oppenheim; Bill Collage; Adam Cooper; Stephen Chbosky
tt3416664,IMDb ID Not found,\N,\N
tt3419394,IMDb ID Not found,\N,\N
tt34228359,IMDb ID Not found,\N,\N
tt3426066,IMDb ID Not found,\N,\N
tt3432888,IMDb ID Not found,\N,\N
tt34383795,Wallace Peebles Paranormal Inspectre,Steven Nesbit,Karl Hall; Steven Nesbit
tt34388850,Vanchana,\N,\N
tt34490115,Hidden Face,Kim Dae-woo,Roh Deok; Hong Eun-mi; Kim Bong-joo; Kim Dae-woo
tt34515348,IMDb ID Not found,\N,\N
tt3451578,IMDb ID Not found,\N,\N
tt3453580,Tape_13,Axel Stein,Benjamin Munz; Axel Stein; Jan-Oliver Lampe; Thomas Landenberger
tt34606028,Twisted Fate,Mouly Surya,Mouly Surya
tt3465276,Voyeur,Marc Recuenco,Marc Recuenco
tt34754296,IMDb ID Not found,\N,\N
tt34773049,IMDb ID Not found,\N,\N
tt34823286,IMDb ID Not found,\N,\N
tt34861354,IMDb ID Not found,\N,\N
tt3490492,IMDb ID Not found,\N,\N
tt34908194,IMDb ID Not found,\N,\N
tt3494492,IMDb ID Not found,\N,\N
tt34956223,IMDb ID Not found,\N,\N
tt35018899,IMDb ID Not found,\N,\N
tt35050083,IMDb ID Not found,\N,\N
tt35077049,IMDb ID Not found,\N,\N
tt35081046,IMDb ID Not found,\N,\N
tt35125868,Aldiyae,Mohamed Salman,Fares Youwakim; Mohamed Salman
tt35227408,The Clashing Elements: Saviors of the Multiverse,Willem De Vos,Willem De Vos
tt3524638,Focus on Infinity,Joerg Burger,\N
tt3526162,IMDb ID Not found,\N,\N
tt3527502,She's The Best Thing in It,Ron Nyswaner,\N
tt35290616,IMDb ID Not found,\N,\N
tt35299232,The World Upside Down,Leon Schwitter; Agostina Di Luciano,Leon Schwitter; Agostina Di Luciano
tt35303848,IMDb ID Not found,\N,\N
tt35305225,IMDb ID Not found,\N,\N
tt35376430,IMDb ID Not found,\N,\N
tt35422838,IMDb ID Not found,\N,\N
tt3546930,IMDb ID Not found,\N,\N
tt3549216,IMDb ID Not found,\N,\N
tt35503239,IMDb ID Not found,\N,\N
tt35506450,IMDb ID Not found,\N,\N
tt35518410,Dridam,Martin Joseph,Linto Devasia; Jomon John
tt3552184,IMDb ID Not found,\N,\N
tt35522895,Eponymous,Caroline Rumley,\N
tt35553541,Remanence,Matty Tosca; Lisha Hartgrove,Jabriel Toscano; Matty Tosca; Lisha Hartgrove
tt3555848,IMDb ID Not found,\N,\N
tt35587505,IMDb ID Not found,\N,\N
tt35635316,IMDb ID Not found,\N,\N
tt35705588,IMDb ID Not found,\N,\N
tt3580178,IMDb ID Not found,\N,\N
tt35855067,IMDb ID Not found,\N,\N
tt35872445,Sex in the Soviet Union,Chad Gracia,Chad Gracia
tt35890119,IMDb ID Not found,\N,\N
tt3589352,Cassanova Was a Woman,Kevin Arbouet,Jezabel Montero
tt35933226,IMDb ID Not found,\N,\N
tt3595596,IMDb ID Not found,\N,\N
tt3596302,300 Souls,Emmanuel Gras; Aline Dalbis,\N
tt3601480,IMDb ID Not found,\N,\N
tt36056679,IMDb ID Not found,\N,\N
tt3607036,IMDb ID Not found,\N,\N
tt3607360,The Competition,Simon Weaving,\N
tt36110399,IMDb ID Not found,\N,\N
tt36271852,IMDb ID Not found,\N,\N
tt3633160,Forest Brothers,Peter Grimm,\N
tt3633168,IMDb ID Not found,\N,\N
tt36364921,IMDb ID Not found,\N,\N
tt3638772,IMDb ID Not found,\N,\N
tt36434880,All the Tamburas of Shima,Kruno Tomašević,Kruno Tomašević
tt36470284,IMDb ID Not found,\N,\N
tt36542428,Neela Mudi,Sarathkumar V,Sarathkumar V
tt36591568,It's Dorothy!,Jeffrey McHale,Jeffrey McHale
tt36631978,IMDb ID Not found,\N,\N
tt3663952,IMDb ID Not found,\N,\N
tt36695572,Ligaw,Omar Deroca,\N
tt3670708,IMDb ID Not found,\N,\N
tt3671736,IMDb ID Not found,\N,\N
tt36750194,IMDb ID Not found,\N,\N
tt36842138,IMDb ID Not found,\N,\N
tt36857113,IMDb ID Not found,\N,\N
tt36916983,Situationship,Jade Winters,Jade Winters
tt36954159,IMDb ID Not found,\N,\N
tt36997435,IMDb ID Not found,\N,\N
tt37028329,American Driver 2,\N,Evan King; Bode Ojo
tt37034607,IMDb ID Not found,\N,\N
tt37057427,IMDb ID Not found,\N,\N
tt3715518,IMDb ID Not found,\N,\N
tt3717196,IMDb ID Not found,\N,\N
tt3739558,IMDb ID Not found,\N,\N
tt37433954,¿Cuánto vale tu cuerpo? 2,Antonio Herrera,\N
tt3743974,Dot 2 Dot,Amos Why,Amos Why
tt3744098,Naku Penta Naku Taka,Vayalar Madhavan Kutti,Jeyamohan
tt37455950,IMDb ID Not found,\N,\N
tt3747084,IMDb ID Not found,\N,\N
tt37517061,IMDb ID Not found,\N,\N
tt3755324,IMDb ID Not found,\N,\N
tt37616735,IMDb ID Not found,\N,\N
tt37644997,IMDb ID Not found,\N,\N
tt37674623,IMDb ID Not found,\N,\N
tt3772414,IMDb ID Not found,\N,\N
tt3775840,IMDb ID Not found,\N,\N
tt3776216,IMDb ID Not found,\N,\N
tt3779320,IMDb ID Not found,\N,\N
tt37831531,IMDb ID Not found,\N,\N
tt3784568,IMDb ID Not found,\N,\N
tt37876227,IMDb ID Not found,\N,\N
tt3793788,The Escort,Will Slocombe,Brandon Cohen; Michael Doneger
tt37962136,The People Upstairs,Ha Jung-woo,Kang Sung-beom; Ha Jung-woo; Lee Cha-yeon; Seon Seung-yeon; Park Ho-chan
tt37986584,IMDb ID Not found,\N,\N
tt38068737,IMDb ID Not found,\N,\N
tt3815424,3000 Nights,Mai Masri,Mai Masri
tt3815704,IMDb ID Not found,\N,\N
tt3816352,IMDb ID Not found,\N,\N
tt38265117,IMDb ID Not found,\N,\N
tt38504789,DrCrownesque,Andrey Bogatyrev,\N
tt38516972,IMDb ID Not found,\N,\N
tt38518474,When Will You Get Divorced?,Oleksii Komarovskyi,Oleksii Komarovskyi
tt3854840,IMDb ID Not found,\N,\N
tt3856092,IMDb ID Not found,\N,\N
tt3856142,Clippings,Spyros Papathomopoulos; Mihalis Ginos,Spyros Papathomopoulos; Mihalis Ginos
tt38593367,A Fighting Legacy,Adam Wagner,\N
tt38641692,2034,Joseph Gordon-Levitt,Kieran Fitzgerald; Joseph Gordon-Levitt
tt38716253,IMDb ID Not found,\N,\N
tt38774805,"David Delfín, muestra tu herida",Ángela Gallardo Bernal; Rafael Muñoz; César Vallejo,Ángela Gallardo Bernal; Rafael Muñoz; César Vallejo
tt38776984,Ancestors,David Turpin,David Turpin
tt38787149,Girl in a Towel,Evan Snyder,Evan Snyder
tt38870354,IMDb ID Not found,\N,\N
tt38907227,Keluarga Suami Adalah Hama,Anggy Umbara,Anggy Umbara; Dewi Fita; Ardianto Agung
tt3892880,Police in Pollywood,\N,\N
tt38942752,IMDb ID Not found,\N,\N
tt3894558,Joker's Poltergeist,Christopher S. Lind,Ken Del Vecchio; Dylan Bank
tt3906064,IMDb ID Not found,\N,\N
tt39092575,IMDb ID Not found,\N,\N
tt39112666,IMDb ID Not found,\N,\N
tt39130951,Yaarra Antha Paiyan Naanthan Antha Paiyan,Paul raj,Paul raj
tt3915054,IMDb ID Not found,\N,\N
tt39169234,IMDb ID Not found,\N,\N
tt3918184,IMDb ID Not found,\N,\N
tt39207636,IMDb ID Not found,\N,\N
tt39242750,IMDb ID Not found,\N,\N
tt39300469,IMDb ID Not found,\N,\N
tt39302002,IMDb ID Not found,\N,\N
tt39302478,IMDb ID Not found,\N,\N
tt39310285,IMDb ID Not found,\N,\N
tt39377454,IMDb ID Not found,\N,\N
tt39378618,Merri Boys,Mahesh Maanas,Sreeprasad Chandran
tt39389870,IMDb ID Not found,\N,\N
tt39395846,IMDb ID Not found,\N,\N
tt39510102,Mad Dance Office,Cho Hyeon-jin,Cho Hyeon-jin
tt3952246,ST: Aka to Shiro no Sôsa File the Movie,Tōya Satō,Yusuke Watanabe
tt3961904,IMDb ID Not found,\N,\N
tt39638575,IMDb ID Not found,\N,\N
tt39655938,The Dads,Luchina Fisher,\N
tt3975174,IMDb ID Not found,\N,\N
tt39762573,IMDb ID Not found,\N,\N
tt3982854,Song of My Mother,Erol Mintaş,Erol Mintaş
tt39830442,The Professionals,Youssef Sharaf Aldin,Hisham Elsalamony
tt3985328,IMDb ID Not found,\N,\N
tt40018110,IMDb ID Not found,\N,\N
tt4028220,IMDb ID Not found,\N,\N
tt40288256,IMDb ID Not found,\N,\N
tt4029780,IMDb ID Not found,\N,\N
tt40311023,IMDb ID Not found,\N,\N
tt4034236,IMDb ID Not found,\N,\N
tt40350946,IMDb ID Not found,\N,\N
tt40389737,IMDb ID Not found,\N,\N
tt4046392,Last Stop,Julie Shles,\N
tt40522035,Hold Your Peace,Iain Cash,Iain Cash
tt40647489,Backwoods Blood Feud,J. Horton,Michael J. Epstein; J. Horton
tt4077386,IMDb ID Not found,\N,\N
tt40828231,Bloodsport,Michaela Coel,Michaela Coel
tt4086046,"The Dork, The Girl, and The Douchebag",Yôsuke Okuda,\N
tt4092288,IMDb ID Not found,\N,\N
tt4104022,"People, Places, Things",Jim Strouse,Jim Strouse
tt41156421,IMDb ID Not found,\N,\N
tt4118740,IMDb ID Not found,\N,\N
tt41535186,IMDb ID Not found,\N,\N
tt41615889,IMDb ID Not found,\N,\N
tt41973690,IMDb ID Not found,\N,\N
tt4207014,Amante de lo ajeno,Luis Koellar,Luis Koellar
tt4218632,IMDb ID Not found,\N,\N
tt42222130,IMDb ID Not found,\N,\N
tt42421202,IMDb ID Not found,\N,\N
tt42483708,IMDb ID Not found,\N,\N
tt42664199,IMDb ID Not found,\N,\N
tt42705316,IMDb ID Not found,\N,\N
tt4273924,IMDb ID Not found,\N,\N
tt4289812,IMDb ID Not found,\N,\N
tt4292420,Ville-Marie,Guy Édoin,Guy Édoin; Jean-Simon DesRochers
tt4299302,IMDb ID Not found,\N,\N
tt43209729,IMDb ID Not found,\N,\N
tt4326814,IMDb ID Not found,\N,\N
tt4331290,La Sonate des spectres,Ivan Heidsieck,\N
tt43437600,IMDb ID Not found,\N,\N
tt43573625,IMDb ID Not found,\N,\N
tt43589731,Kengur Returns Home,Miroslav Momčilović,Miroslav Momčilović
tt43594313,IMDb ID Not found,\N,\N
tt43620160,IMDb ID Not found,\N,\N
tt43622180,IMDb ID Not found,\N,\N
tt43636886,IMDb ID Not found,\N,\N
tt4366200,Surrendered,Brett Divine,Brett Divine
tt4368388,IMDb ID Not found,\N,\N
tt4369136,Hide in the Light,Mikey McGregor,Mikey McGregor
tt4381280,IMDb ID Not found,\N,\N
tt4419472,IMDb ID Not found,\N,\N
tt4424560,The International Space Orchestra,Nelly Ben Hayoun,\N
tt4433060,IMDb ID Not found,\N,\N
tt4457716,Todo incluido,Roberto Angel Salcedo,Roberto Angel Salcedo
tt4457798,IMDb ID Not found,\N,\N
tt4466494,Et les mistrals gagnants,Anne-Dauphine Julliand,\N
tt4468308,The Legacy of Frida Kahlo,Tadasuke Kotani,Tadasuke Kotani
tt4474924,Pinches Actores,Jerome Dufour; Guillaume Dufour,Jerome Dufour; Guillaume Dufour
tt4477428,IMDb ID Not found,\N,\N
tt4529180,IMDb ID Not found,\N,\N
tt4541900,IMDb ID Not found,\N,\N
tt4570910,IMDb ID Not found,\N,\N
tt4587834,City of Vultures,Marcus Carothers,Marcus Carothers
tt4588982,IMDb ID Not found,\N,\N
tt4603206,IMDb ID Not found,\N,\N
tt4607708,IMDb ID Not found,\N,\N
tt4610604,IMDb ID Not found,\N,\N
tt4635920,IMDb ID Not found,\N,\N
tt4641882,Todd McFarlane's Spawn 3: The Ultimate Battle,Jennifer Yuh Nelson; Chuck Patton; Thomas A. Nelson; Mike Vosburg; Brad Rader,John Leekley; Rebekah Bradford
tt4662730,IMDb ID Not found,\N,\N
tt4665926,Cut Out The Eyes,Xu Tong,\N
tt4683448,IMDb ID Not found,\N,\N
tt4737564,IMDb ID Not found,\N,\N
tt4745762,American Bystander,Gabriel Dohrn,\N
tt4761870,Ghostumentary,Bill Doty,\N
tt4777534,Cheeseheads: The Documentary,John Mitchell,John Mitchell
tt4788320,Original Copy - Verrückt nach Kino,Georg Heinzen; Florian Heinzen-Ziob,\N
tt4791252,"Sino Ka, Madame X?",Ding M. De Jesus,Ding M. De Jesus
tt4800408,IMDb ID Not found,\N,\N
tt4816366,IMDb ID Not found,\N,\N
tt4817832,IMDb ID Not found,\N,\N
tt4830834,The Duchess of Doubt,George D. Baker,George D. Baker; Charles Logue; John B. Clymer
tt4837126,Love Everlasting,Rob Diamond,Landon Henneman; Rob Diamond; Robert Conder
tt4847546,Blood Feast,Marcel Walz,Philip Lilienschwarz
tt4850638,IMDb ID Not found,\N,\N
tt4862468,A Chinese Odyssey Part Three,Jeffrey Lau Chun-Wai,Jeffrey Lau Chun-Wai
tt4866392,IMDb ID Not found,\N,\N
tt4873338,IMDb ID Not found,\N,\N
tt4884046,IMDb ID Not found,\N,\N
tt4958742,Behind the Curtain of Night,Dalibor Stach,\N
tt4965254,Descent Into Darkness: My European Nightmare,Rafael Cherkaski,Rafael Cherkaski
tt4981904,IMDb ID Not found,\N,\N
tt4981940,IMDb ID Not found,\N,\N
tt5029776,Rabbit School: Guardians of the Golden Egg,Ute von Münchow-Pohl,Katja Grübel; Dagmar Rehbinder
tt5069058,Candyflip,Shanawaz Nellikunnil,\N
tt5072466,Akt - 4 Leben ein Akt,Mario Schneider,Mario Schneider
tt5097638,IMDb ID Not found,\N,\N
tt5116378,IMDb ID Not found,\N,\N
tt5120944,IMDb ID Not found,\N,\N
tt5146068,All These Sleepless Nights,Michał Marczak,Michał Marczak
tt5166224,The Pleasure is Mine,Elisa Miller,Elisa Miller; Gabriela Vidal
tt5175822,IMDb ID Not found,\N,\N
tt5219622,IMDb ID Not found,\N,\N
tt5223126,IMDb ID Not found,\N,\N
tt5224814,Cartas de Amor são Ridículas,\N,Alvarina Souza e Silva
tt5270732,Submission,Justin Fortier,\N
tt5287920,IMDb ID Not found,\N,\N
tt5306690,IMDb ID Not found,\N,\N
tt5334984,IMDb ID Not found,\N,\N
tt5352034,Callings,Hüseyin Eleman,Hüseyin Eleman; Yerkan Kahraman
tt5455498,Nika,Slobodan Maksimović,Slobodan Maksimović; Matjaž Pikalo
tt5464144,There is No Third,Sergey Sotnichenko,\N
tt5497236,IMDb ID Not found,\N,\N
tt5527536,IMDb ID Not found,\N,\N
tt5547576,Av,Melih Gülgen,Safa Önal
tt5586480,IMDb ID Not found,\N,\N
tt5592108,IMDb ID Not found,\N,\N
tt5597246,The Cause and the Shadow,Tiago Afonso,\N
tt5609524,Signs of Humanity,Willie Baronet; Tim Chumley,\N
tt5611320,IMDb ID Not found,\N,\N
tt5619968,IMDb ID Not found,\N,\N
tt5645172,"Crosby, Stills, Nash & Young: Fifty by Four - Half a Century of CSNY",Elio Espana,Elio Espana
tt5666450,Cast Party,Jon Pretnar,\N
tt5701120,"Des amours, désamour",Dominic Bachy,Matthieu Chevallier
tt5729538,IMDb ID Not found,\N,\N
tt5776398,IMDb ID Not found,\N,\N
tt5783112,The Hunt,Lee Woo-chul,Cheon Jin-wu
tt5799362,Chouquette,Patrick Godeau,\N
tt5812528,IMDb ID Not found,\N,\N
tt5857628,IMDb ID Not found,\N,\N
tt5861520,IMDb ID Not found,\N,\N
tt5886526,IMDb ID Not found,\N,\N
tt5903082,Urban Rez,Larry Pourier,\N
tt5906778,IMDb ID Not found,\N,\N
tt5907820,IMDb ID Not found,\N,\N
tt5910248,Mistaken,Alfred Robbins,\N
tt5941022,IMDb ID Not found,\N,\N
tt5955162,Secrets from the Past,Raşit Görgülü; Vedat Demir,Irfan Saruhan; Raşit Görgülü
tt5970588,I Swam Enguri,Anuna Bukia,Anuna Bukia
tt5975082,IMDb ID Not found,\N,\N
tt5985902,IMDb ID Not found,\N,\N
tt6006666,My Suburban Stories,Yunus Ozan Korkut,Yunus Ozan Korkut
tt6018536,IMDb ID Not found,\N,\N
tt6044908,Seika sôdan: Kanzen naru hinin,Shinya Yamamoto,Ryôsuke Hara
tt6055754,"The Sun, the Sun Blinded Me",Wilhelm Sasnal; Anka Sasnal,Wilhelm Sasnal; Anka Sasnal
tt6082562,IMDb ID Not found,\N,\N
tt6089642,IMDb ID Not found,\N,\N
tt6097252,IMDb ID Not found,\N,\N
tt6110470,IMDb ID Not found,\N,\N
tt6146716,IMDb ID Not found,\N,\N
tt6222646,IMDb ID Not found,\N,\N
tt6259946,2 Cool 2 Be 4gotten,Petersen Vargas,Jason Paul Laxamana
tt6269308,The Bellwether,Christopher Morrison,\N
tt6281004,IMDb ID Not found,\N,\N
tt6284474,Chowka,Tharun Sudhir,Suni; Tharun Sudhir
tt6325480,IMDb ID Not found,\N,\N
tt6374254,The Meme Machine,Mat Hames,\N
tt6387506,The Violin Player,Paavo Westerberg,Emmi Pesonen; Paavo Westerberg
tt6430360,The Table,Kim Jong-kwan,Kim Jong-kwan
tt6439720,IMDb ID Not found,\N,\N
tt6448598,IMDb ID Not found,\N,\N
tt6449604,IMDb ID Not found,\N,\N
tt6449830,IMDb ID Not found,\N,\N
tt6451318,IMDb ID Not found,\N,\N
tt6513042,IMDb ID Not found,\N,\N
tt6533312,Surfar e Coisa de Rico,Guga Sander,\N
tt6543510,IMDb ID Not found,\N,\N
tt6551244,Suryavamsam,Vikraman,Vikraman
tt6567380,Pagadi Attam,Ram K Chandran,Ram K Chandran
tt6593532,Ana's Commission,Igor Šmid,Marcel Buh
tt6602928,The Kidnapping,Mariana Čengel Solčanská,Mariana Čengel Solčanská
tt6748958,IMDb ID Not found,\N,\N
tt6750446,Pullakuttikaran,R. Parthiban,R. Parthiban
tt6769964,IMDb ID Not found,\N,\N
tt6779742,The Battle for Gold,\N,\N
tt6790422,The Genius and the Opera Singer,Vanessa Stockley,\N
tt6857956,Killing for the Prosecution,Masato Harada,Takahide Shibanushi; Masato Harada
tt6885296,I Give You My Word 3,Alexandr Karpilovsky,Alexandr Karpilovsky; Oleg Sirotkin; Alla Maksymenko
tt6891412,IMDb ID Not found,\N,\N
tt6913400,Thicker Than Blood,Anthony Williams,\N
tt6915088,IMDb ID Not found,\N,\N
tt6953792,So Long,Caitlin Farrugia; Michael Jones,Caitlin Farrugia; Michael Jones
tt6967702,Morning Lies,Mohamed El-Naggar,Noha ElAmroussi; Ahmed Abdallah
tt6974426,IMDb ID Not found,\N,\N
tt7027678,IMDb ID Not found,\N,\N
tt7038700,IMDb ID Not found,\N,\N
tt7124242,IMDb ID Not found,\N,\N
tt7128054,IMDb ID Not found,\N,\N
tt7131480,IMDb ID Not found,\N,\N
tt7135000,Ah Nerede Vah Nerede,\N,\N
tt7201518,IMDb ID Not found,\N,\N
tt7218578,IMDb ID Not found,\N,\N
tt7220728,IMDb ID Not found,\N,\N
tt7240014,Kalippaattakkaaran: Toy Maker,Shinos Rahman; Sajas Rahman,Sajas Rahman
tt7257954,IMDb ID Not found,\N,\N
tt7261280,IMDb ID Not found,\N,\N
tt7410810,IMDb ID Not found,\N,\N
tt7479170,IMDb ID Not found,\N,\N
tt7490200,IMDb ID Not found,\N,\N
tt7491724,IMDb ID Not found,\N,\N
tt7504214,Aa Bb Kk,Ramkumar Gorakhanath Shedge,Aaba Gaikwad
tt7510166,Entanglement,Damon Jamal,Damon Jamal
tt7520922,IMDb ID Not found,\N,\N
tt7530460,IMDb ID Not found,\N,\N
tt7575082,IMDb ID Not found,\N,\N
tt7596874,Compulsion,Batan Silva,Monica Lee
tt7601594,Iblis,Rohith VS,Sameer Abdul
tt7641040,IMDb ID Not found,\N,\N
tt7643116,Navsaacha Por,Girish Ghanekar,Abhiram Bhadkamkar; Girish Ghanekar
tt7665644,IMDb ID Not found,\N,\N
tt7699376,IMDb ID Not found,\N,\N
tt7743448,IMDb ID Not found,\N,\N
tt7745984,The Edge of Success,\N,\N
tt7758822,IMDb ID Not found,\N,\N
tt7759626,Agent Mr. Chan,Jeff Cheung,Kelvin Lee Si-Zhen; Dayo Wong Chi-Wah
tt7770200,IMDb ID Not found,\N,\N
tt7802124,IMDb ID Not found,\N,\N
tt7810328,Jin yuan yang,Zhang Yiheng,\N
tt7826026,IMDb ID Not found,\N,\N
tt7844606,IMDb ID Not found,\N,\N
tt7858228,Bir Xalanin Sirri,Emil Guliyev,Samid Aghayev; Anvar Abbasov; Elnur Huseynov; Tarlan Nur-Yashar
tt7874330,IMDb ID Not found,\N,\N
tt7967600,Classical Period,Ted Fendt,Ted Fendt
tt7984890,IMDb ID Not found,\N,\N
tt8005682,Paniolo O Hawai'i: Cowboys of the Far West,Edgy Lee,Paul Berry
tt8041332,IMDb ID Not found,\N,\N
tt8067252,IMDb ID Not found,\N,\N
tt8109282,Bad Circumstances,Max Kestner,Max Kestner; Henrik Veileborg
tt8165260,IMDb ID Not found,\N,\N
tt8193790,Deerskin,Quentin Dupieux,Quentin Dupieux
tt8216718,IMDb ID Not found,\N,\N
tt8228538,Papi Chulo,John Butler,John Butler
tt8268466,IMDb ID Not found,\N,\N
tt8302626,IMDb ID Not found,\N,\N
tt8334558,Nepal Quake: Terror on Everest,Ashish Prasai,\N
tt8347468,IMDb ID Not found,\N,\N
tt8384954,IMDb ID Not found,\N,\N
tt8389410,IMDb ID Not found,\N,\N
tt8391432,IMDb ID Not found,\N,\N
tt8408364,River,Laurenzo Vergeynst,Dave Seré; Laurenzo Vergeynst
tt8447014,The Assassination,Avi Weissblei,Avi Weissblei
tt8477050,IMDb ID Not found,\N,\N
tt8482096,Santh Wahate Krishna Mai,\N,\N
tt8487990,IMDb ID Not found,\N,\N
tt8493938,IMDb ID Not found,\N,\N
tt8521456,IMDb ID Not found,\N,\N
tt8531794,Everyday is Alzheimer's — The Final: Death Becomes Us,Yuka Sekiguchi,\N
tt8548902,IMDb ID Not found,\N,\N
tt8613046,IMDb ID Not found,\N,\N
tt8635054,Krut: The Himmaphan Warriors,Chaiporn Panichrutiwong,Chaiporn Panichrutiwong; Wisit Sasanatieng
tt8665738,IMDb ID Not found,\N,\N
tt8667566,IMDb ID Not found,\N,\N
tt8689450,IMDb ID Not found,\N,\N
tt8707138,IMDb ID Not found,\N,\N
tt8791586,IMDb ID Not found,\N,\N
tt8806770,Mystery of Burma: Beyond The Dotehtawady,\N,\N
tt8815382,The Obituary of Tunde Johnson,Ali LeRoi,Stanley Kalu
tt8819486,IMDb ID Not found,\N,\N
tt8890550,IMDb ID Not found,\N,\N
tt8897072,City of Lost Slaves,Andreas Gutzeit,Andreas Gutzeit
tt8918864,Skemerson,Philip Rademeyer,\N
tt8927772,IMDb ID Not found,\N,\N
tt8954344,IMDb ID Not found,\N,\N
tt8980110,The Archivist,Eric Hand,Bo Gardner; Eric Hand
tt9028124,IMDb ID Not found,\N,\N
tt9046062,IMDb ID Not found,\N,\N
tt9057096,IMDb ID Not found,\N,\N
tt9061604,IMDb ID Not found,\N,\N
tt9097740,Life & Life,N.C. Heikin,N.C. Heikin
tt9115550,IMDb ID Not found,\N,\N
tt9121950,IMDb ID Not found,\N,\N
tt9129686,Days of Daisy,Alexander Jeffery,Paul Petersen; Alexander Jeffery
tt9145968,IMDb ID Not found,\N,\N
tt9154164,IMDb ID Not found,\N,\N
tt9213874,Breeder,Alex Goyette,Alex Goyette
tt9223212,IMDb ID Not found,\N,\N
tt9250530,IMDb ID Not found,\N,\N
tt9273694,Matenro sôtohen,Minoru Murata,Shuichi Hatamoto
tt9286924,IMDb ID Not found,\N,\N
tt9319884,Lakshmi's NTR,Agasthya Manju; Ram Gopal Varma,Ram Gopal Varma; Narendra Chary
tt9364624,IMDb ID Not found,\N,\N
tt9365800,Slayers,K. Asher Levin,Zack Imbrogno; K. Asher Levin
tt9385434,Rice and Boobs,Shinichiro Ueda,Shinichiro Ueda
tt9403508,5B,Paul Haggis; Dan Krauss,\N
tt9415848,IMDb ID Not found,\N,\N
tt9419948,A Perfect Housewife,Jane Bibi,Jane Bibi
tt9429444,IMDb ID Not found,\N,\N
tt9430206,IMDb ID Not found,\N,\N
tt9438194,IMDb ID Not found,\N,\N
tt9554760,Space Sharks,Clément Chevalier,Clément Chevalier; Tanguy Swynghedauw
tt9569006,IMDb ID Not found,\N,\N
tt9580550,IMDb ID Not found,\N,\N
tt9626568,IMDb ID Not found,\N,\N
tt9649770,IMDb ID Not found,\N,\N
tt9743020,Beauty Lives in Freedom,Wang Bing,\N
tt9766862,IMDb ID Not found,\N,\N
tt9799044,IMDb ID Not found,\N,\N
tt9813978,Exodus,Bahman Kiarostami,Bahman Kiarostami
tt9846718,IMDb ID Not found,\N,\N
tt9865470,High School Girl Abnormality,Satoru Kobayashi,Takashi Obana
tt9878242,Shubharathri,Vyasan K.P.,Vyasan K.P.
tt9892934,IMDb ID Not found,\N,\N
tt9903802,Dosage I,Josh Lowell,\N
