tconst,directors,writers
tt30811257,nm2653192,\N
tt30869594,nm5763277,nm5763277
tt30970776,nm0683900,nm12068469
tt3101360,nm11014433,nm11014433
tt3116676,\N,nm5872617
tt3118628,nm0067946,nm0067946;nm2144991
tt31227538,nm15812897;nm0953805,nm0953805
tt31250833,nm1857470,nm5926857;nm1127154
tt31315981,nm0625621,nm0179132;nm4571467;nm0614436;nm0625621;nm12238107;nm4571481
tt3137432,nm0766499,nm5894114;nm0766499
tt31461677,nm1832706,nm1832706
tt3146264,nm2488601,nm5904246
tt31530596,nm0836784,nm1734479;nm3407911
tt3153946,\N,\N
tt3159590,nm0147261,nm1028275
tt3162700,\N,nm5772304
tt3165210,nm3069725;nm2625253,nm2625253;nm1409098
tt31795947,nm0426851,nm0426851
tt31797357,nm15057451,nm15057451
tt3181098,nm4728778,nm4728778
tt31840715,nm6355283,nm6355283
tt31887309,nm13670022,nm13670022
tt31921921,nm0778841;nm0762351,nm0762351;nm0778841
tt31947358,nm1387046,nm1387046
tt32055882,nm0650601,nm0650601
tt32056002,nm14862821,nm14862821
tt3214416,nm5973447,nm5973447
tt3218102,\N,nm4121001;nm5938554
tt32230042,nm2489328,nm4755154
tt32253253,nm12454776,nm12454776
tt3228096,nm0052897,nm0052897;nm1450724
tt32306046,nm1374530,nm8317725;nm1374530
tt32331122,\N,nm12387476
tt32351535,nm0574615,\N
tt32364470,nm14214887,\N
tt32386450,nm5447480;nm13159778,nm13159778;nm16150047;nm13156979
tt32439503,nm16169950,nm13444677
tt3245986,nm0052897,nm0451751
tt32462777,nm8299992,nm8299992
tt3249810,nm1597897,nm1757155;nm1597897
tt32525026,nm9333238,nm9333238
tt32534879,nm11983837,nm11983837
tt32552126,nm1665905,nm0252776;nm8944222
tt3257072,nm3640095,nm4728872;nm3640095
tt32619284,nm13174603,nm13174603
tt32636374,\N,nm0834365
tt32638930,nm13033498;nm16272517,\N
tt32657611,nm1781407,\N
tt32793394,\N,nm16077411
tt32857098,nm3761311,nm3761311;nm6041683
tt32857644,\N,nm4223619
tt32897959,nm2193504,nm0111577;nm2193504
tt32912054,nm4011579,nm4011579
tt3293908,\N,nm2912749;nm3670452
tt33089694,nm16370432,\N
tt3311926,nm0031216,nm0031216
tt33130645,nm6046774,\N
tt33222127,nm3131705,nm3131705
tt33246826,nm2655716,nm2655716
tt33268513,nm2915063,nm2915063
tt33290198,\N,nm16469285
tt33307005,nm13923941,nm13923941
tt3332968,nm0605245,nm0406808
tt33384837,nm0542478,\N
tt33396612,nm13585246,nm6102337;nm13585246;nm10058042;nm8296813;nm4536535
tt33397286,nm13773371,nm9932684
tt33484595,nm1788012,\N
tt3348972,\N,\N
tt33501737,nm16558078,\N
tt33558791,nm10918961,nm10918961
tt33624148,nm1869126,nm16584952
tt33886437,\N,\N
tt3396080,nm3927991,nm5425554
tt3407994,nm6156632,nm6156632
tt3410834,nm0777881,nm3834300;nm0177836;nm0171651;nm4316121
tt3416664,\N,nm3545668
tt3419394,nm3375937;nm3592001,nm6169265;nm3375937;nm3592001
tt34228359,\N,nm9410376;nm2864390
tt3426066,nm6176230,\N
tt3432888,nm6183784,nm6183784
tt34383795,nm1849326,nm1479378;nm1849326
tt34388850,nm16691163,nm16691163
tt34490115,nm0453411,nm1223381;nm9348857;nm1523568;nm1523747;nm2529884
tt34515348,\N,nm15442698
tt3451578,nm6140592,nm6140592
tt3453580,nm0825398,nm4655316;nm0825398;nm3323611;nm2777558
tt34606028,nm3029226,nm16727993;nm3029226
tt3465276,nm3865373,nm3865373
tt34754296,nm4111536,\N
tt34773049,nm0403950,nm16780523;nm0629214
tt34823286,nm7119199,nm7119199;nm5254357
tt34861354,\N,\N
tt3490492,nm4144035;nm3505608,nm4144035
tt34908194,\N,\N
tt3494492,\N,nm6245704
tt34956223,nm0559187,nm16816222;nm7537545
tt35018899,\N,nm9316498
tt35050083,nm10413283,nm10413283;nm10413286
tt35077049,nm16376930;nm16847505,nm16847509;nm16376930;nm16847504
tt35081046,nm16848463,\N
tt35125868,nm0758657,nm0758657;nm12613234
tt35227408,nm16872397,nm16872397
tt3524638,nm0121210,nm0121210
tt3526162,nm5632712,nm5632712
tt3527502,nm0638913,\N
tt35290616,nm5691303,nm6588355
tt35299232,nm16889540;nm6131344,nm16889540;nm6131344
tt35303848,nm1678557,nm1678557
tt35305225,nm12912125,nm16893018
tt35376430,nm5299850,nm5299850
tt35422838,\N,nm4191755
tt3546930,nm2155567,nm2155567
tt3549216,nm5189016,nm5189016
tt35503239,nm10706301,nm10706301
tt35506450,nm0295107,nm0294355
tt35518410,nm12304481,nm14663181;nm14663180
tt3552184,nm6016741,nm6016741
tt35522895,nm1637740,nm1637740
tt35553541,nm6601335;nm13440636,nm6601335;nm13440636
tt3555848,\N,nm6312761;nm2314024
tt35587505,\N,nm4441816
tt35635316,nm0926387,\N
tt35705588,nm0099526,\N
tt3580178,nm0134382;nm6096597,nm0134382;nm6096597
tt35855067,nm0923613,\N
tt35872445,nm4193781,nm4193781
tt35890119,nm8828522,nm8828522
tt3589352,nm0033422,nm0599437
tt35933226,nm13296042,nm12044294
tt3595596,nm0313962,nm0024839
tt3596302,nm6358202;nm1463658,nm6358202;nm1463658
tt3601480,nm1224415,nm1224415
tt36056679,nm2745899,nm2745899
tt3607036,nm4390099,nm6368967;nm3951524
tt3607360,nm2572136,nm2572136
tt36110399,\N,\N
tt36271852,\N,\N
tt3633160,nm6393003,nm6393003
tt3633168,nm3085835,\N
tt36364921,nm5007716,\N
tt3638772,nm4176753,nm4176753
tt36434880,nm1253492,nm1253492
tt36470284,nm15466064,\N
tt36542428,nm17213498,nm17213498;nm17213497
tt36591568,nm2379237,nm2379237
tt36631978,\N,nm17000059
tt3663952,\N,nm1569351
tt36695572,nm2885934,nm3641250
tt3670708,nm0418764;nm0773909,nm0418764
tt3671736,nm6432599,nm6432599
tt36750194,nm0313743,nm0313743
tt36842138,nm6764867,nm6764867
tt36857113,\N,\N
tt36916983,nm9643218,nm9643218
tt36954159,nm0836356,nm0836356
tt36997435,nm0269807,nm0269807
tt37028329,\N,nm2027650;nm8016423
tt37034607,nm1135811,nm1135811
tt37057427,nm0553440,nm0553440
tt3715518,\N,nm3527272;nm2609285
tt3717196,nm6476249,nm6476249
tt3739558,nm4347441,nm4347441
tt37433954,nm2175135,\N
tt3743974,nm6509220,nm6509220
tt3744098,nm1914018,nm3328122
tt37455950,nm1479636,nm1479636
tt3747084,nm0425894,nm3062780;nm0425894
tt37517061,nm9175064,\N
tt3755324,nm0906744,nm7966141;nm0906744
tt37616735,nm0024836,\N
tt37644997,\N,\N
tt37674623,nm12250679,nm12250679
tt3772414,nm3414820,nm3414820;nm4133174;nm6538221
tt3775840,nm6542657,nm6542657
tt3776216,nm2299909,nm2299909
tt3779320,\N,nm0294580;nm4501982
tt37831531,nm3432632,nm3432632
tt3784568,nm0616313,\N
tt37876227,nm17572785,nm17572785
tt3793788,nm2034711,nm3603758;nm6558641
tt37962136,nm1978402,nm0310747;nm2590922
tt37986584,nm12717611,\N
tt38068737,nm5387127,nm5387127
tt3815424,nm0557044,nm0557044
tt3815704,nm2252757,nm1222567
tt3816352,\N,\N
tt38265117,nm5199164,nm5199164
tt38504789,nm10352050,\N
tt38516972,\N,\N
tt38518474,nm7807013,nm11897751
tt3854840,\N,nm3082496
tt3856092,nm5677196,nm6623912;nm2140444
tt3856142,nm2565323;nm6624004,nm2565323;nm6624004
tt38593367,nm17745182,\N
tt38641692,nm0330687,nm1634307;nm0330687;nm0005169
tt38716253,nm10401327,nm8751635
tt38774805,nm4236261;nm17812548;nm10211620;nm17021752,nm4236261;nm17812548;nm10211620
tt38776984,nm7087323,nm7087323
tt38787149,nm4909417,nm4909417
tt38870354,nm4261224;nm8484697,nm4261224;nm8484697
tt38907227,nm5322992,nm17013965;nm11164604;nm17870496;nm5322992
tt3892880,nm1397705,nm6392732
tt38942752,nm14893081,nm14893081
tt3894558,nm5471056,nm0216016;nm1906442
tt3906064,\N,nm0541624
tt39092575,nm1031045,nm17939304
tt39112666,nm17808817,nm17808817
tt39130951,nm17956720,nm17956720
tt3915054,nm6428249,\N
tt39169234,nm0566764,nm0566764
tt3918184,nm0613270,nm1484037;nm0613270
tt39207636,\N,nm5167823
tt39242750,nm18048066,nm18048066
tt39300469,nm1042011,\N
tt39302002,nm12966995,\N
tt39302478,nm6584201,nm6584201
tt39310285,nm18097734,nm18097732
tt39377454,nm12742995,nm11068806
tt39378618,nm9925621,nm18135576;nm9925621
tt39389870,nm11277272,\N
tt39395846,nm6229788,nm6229788
tt39510102,\N,\N
tt3952246,nm2213511,\N
tt3961904,nm6708600;nm2316015,\N
tt39638575,\N,nm5210869
tt39655938,nm4803369,\N
tt3975174,nm6719116,\N
tt39762573,nm0328370,nm0328370
tt3982854,nm3646119,nm3646119
tt39830442,nm1709898,\N
tt3985328,nm0645660,nm0645660
tt40018110,nm0538632,nm1662765;nm0948982
tt4028220,nm6762139,nm2426388;nm6762139
tt40288256,nm16390767,nm16390767
tt4029780,nm0440300,nm0440300
tt40311023,\N,nm13613807
tt4034236,nm4649849,nm4649849
tt40350946,nm15755411,\N
tt40389737,nm18274096,nm14637229
tt4046392,nm0794564,nm0255557;nm0794564
tt40522035,nm1704500,nm1704500
tt40647489,nm1862032,nm1862032
tt4077386,nm6462968,nm6409976;nm6462968;nm6409978
tt40828231,nm3948190,nm3948190
tt4086046,nm4305703,nm4305703
tt4092288,nm6808136;nm6808135,nm6808135;nm6808136
tt4104022,nm1475479,nm1475479
tt41156421,\N,nm15548934
tt4118740,nm6842467,nm1509215;nm6842471
tt41535186,nm9249801,nm9249814
tt41615889,nm7666032;nm3446495,\N
tt41973690,\N,\N
tt4207014,nm2132101,nm0075843;nm2132101;nm4284145
tt4218632,nm0781842,nm0040022;nm3979363;nm0120816;nm0256079;nm0452235
tt42222130,nm0239228,nm18461715;nm8061992;nm4851216
tt42421202,nm18477681,\N
tt42483708,nm3479065;nm18319164,nm3479065;nm18319164
tt42664199,\N,\N
tt42705316,\N,nm18508738
tt4273924,nm1901504,\N
tt4289812,nm0790180,nm0790180
tt4292420,nm2336357,nm6997291;nm2336357
tt4299302,\N,\N
tt43209729,nm9300968,nm9300968
tt4326814,nm1297226,nm6304108
tt4331290,nm3281108,nm3281108
tt43437600,nm18586059,nm8026644
tt43573625,nm18607102,nm18607101
tt43589731,nm1474292,nm1474292
tt43594313,nm0087904,nm0087904;nm11952053;nm2107622
tt43620160,nm1178560;nm0526199,nm14054241;nm4197900;nm11300811;nm12552176
tt43622180,nm18644171,nm9968665
tt43636886,\N,nm15260512
tt4366200,nm7060670,\N
tt4368388,\N,nm6861136
tt4369136,nm4918674,nm4918674
tt4381280,nm0031888;nm1947983;nm3446966;nm0619177;nm0757049,nm6931667;nm3446966;nm3030174;nm0556321;nm2362148;nm1947983;nm0031888
tt4419472,nm3151253;nm0742081,nm3151253;nm0742081
tt4424560,nm6665838,\N
tt4433060,nm0557273,nm0557273
tt4457716,nm2081164,nm2081164
tt4457798,\N,nm6938259;nm6938262;nm6934736
tt4466494,nm4451843,\N
tt4468308,nm4801657,nm4801657
tt4474924,nm1420026;nm1420027,nm1420026;nm1420027
tt4477428,\N,nm6649199
tt4529180,nm5153336,nm5153336
tt4541900,nm7207967,nm7207967
tt4570910,\N,\N
tt4587834,nm0142362,nm0142362
tt4588982,nm3598310,nm3598310;nm7684700
tt4603206,\N,nm7261566;nm1142566
tt4607708,nm0272310,\N
tt4610604,\N,\N
tt4635920,\N,nm7285875;nm7285874
tt4641882,nm0666548;nm0705462;nm0903629;nm0950775,nm0568825
tt4662730,nm1457822,nm3149189
tt4665926,nm4336205,\N
tt4683448,\N,\N
tt4737564,nm2132962,\N
tt4745762,nm3302666,nm3302666
tt4761870,nm3848341,nm7309640;nm3848341;nm6449505;nm7467896
tt4777534,nm7395684,nm7395684
tt4788320,nm0374616;nm5189090,nm0374616;nm5189090
tt4791252,nm1045138,nm1045138
tt4800408,nm0521052,nm0521052
tt4816366,nm3761418,nm3761418
tt4817832,nm0531854,nm0531854
tt4830834,nm0048478,nm0048478;nm0167424;nm0517786
tt4837126,nm1070766,nm0174322;nm1070766;nm5700979;nm8121086
tt4847546,nm3231736,nm7391999;nm3231736
tt4850638,nm2569672,\N
tt4862468,nm0311508,nm0311508
tt4866392,nm2583852,nm7462856;nm2583852
tt4873338,nm7467282,nm7467282
tt4884046,\N,nm7050779;nm3686447
tt4958742,nm7534049,nm7534049
tt4965254,nm6284412,nm3611015;nm1753355;nm6284412
tt4981904,nm7554570;nm7334874,nm7554570;nm7334874;nm7554575
tt4981940,nm1994478,\N
tt5029776,nm0902741,nm2849275;nm3702804;nm8690450;nm8690449
tt5069058,nm8166471,nm9341288;nm8166471;nm8166371;nm8166480
tt5072466,nm0773936,nm0773936
tt5097638,nm6915318;nm5328148,\N
tt5116378,nm0063769,nm2873116;nm1406764;nm3145247;nm6263575
tt5120944,nm1595279,nm0746889
tt5146068,nm2777808,nm2777808;nm5142579
tt5166224,nm1792936,nm1792936;nm2182980;nm6475840
tt5175822,nm4182891,nm4182891
tt5219622,\N,\N
tt5223126,nm1656703,\N
tt5224814,\N,nm0798210
tt5270732,nm5699358,nm5123907
tt5287920,nm0353687;nm0706173,nm0353687;nm7804580;nm0706173
tt5306690,\N,nm2947596
tt5334984,nm1654392,nm1654392;nm3285630;nm11192945;nm1668971
tt5352034,nm5249883,nm5249883;nm2985311
tt5455498,nm2159728,nm2159728;nm4242528
tt5464144,nm7183949,\N
tt5497236,\N,\N
tt5527536,nm1380213,nm1380213
tt5547576,nm0347728,nm0960106
tt5586480,nm0347890,nm0836803
tt5592108,\N,nm6625085
tt5597246,nm1764862,\N
tt5609524,nm8049400;nm8049401,\N
tt5611320,\N,nm2566466;nm3429346
tt5619968,nm4712164,\N
tt5645172,nm1804461,nm1804461
tt5666450,nm2076640,\N
tt5701120,nm0045574,nm5739676
tt5729538,nm8150275,\N
tt5776398,nm8188547,nm8188547
tt5783112,nm2012736,nm8194670
tt5799362,nm0323885,nm0141843;nm2323207;nm0323885
tt5812528,nm8220815;nm8220816,nm8220815;nm8220816
tt5857628,nm2611815,nm0233561;nm2611815;nm4284682
tt5861520,nm3421060,nm4934788
tt5886526,nm0383255,\N
tt5903082,nm0693836,nm5230536
tt5906778,\N,nm4770923
tt5907820,\N,nm2466484
tt5910248,nm1995403,nm1995403
tt5941022,nm3990563,\N
tt5955162,nm7957193,nm7957193
tt5970588,nm8365620,\N
tt5975082,\N,nm4917488
tt5985902,nm2795950,nm4065189
tt6006666,nm7514707,\N
tt6018536,nm3869736,nm3869736
tt6044908,nm0945487,nm5023114
tt6055754,nm4777579;nm3762244,nm4777579;nm3762244
tt6082562,nm0945487,\N
tt6089642,nm0526199;nm2450027,nm2450027;nm8451111;nm0526199
tt6097252,nm8469354,\N
tt6110470,nm3690640,\N
tt6146716,nm1522422,nm1181573
tt6222646,nm6993801,nm6993801;nm4073016;nm5942695
tt6259946,nm5748746,nm3504356
tt6269308,nm1392571,nm1392571
tt6281004,nm5413676,nm5413676
tt6284474,nm5736200,nm15062028;nm5736200
tt6325480,\N,nm1903911
tt6374254,nm0357628,\N
tt6387506,nm0922580,nm1051343;nm0922580
tt6430360,nm2133235,nm2133235
tt6439720,nm1164861,nm1061622
tt6448598,\N,\N
tt6449604,\N,\N
tt6449830,nm4305085,\N
tt6451318,\N,\N
tt6513042,nm0595880,\N
tt6533312,nm8781407,\N
tt6543510,nm0192845,nm0192845
tt6551244,nm1417315,nm1417315
tt6567380,nm8803686,nm8803686
tt6593532,nm7700852,nm0119534
tt6602928,nm3346049,nm3346049
tt6748958,nm8028152,nm8028152;nm8381555
tt6750446,nm1011887,nm1011887
tt6769964,nm7774577,nm8917740
tt6779742,\N,\N
tt6790422,nm2377580,\N
tt6857956,nm0361735,nm2627977;nm0361735
tt6885296,nm2351653,nm2351653;nm5274663;nm2681451
tt6891412,\N,nm0008743;nm0074184;nm7704394
tt6913400,nm4423980,nm4547685;nm4423980
tt6915088,nm3808948,\N
tt6953792,nm5444941;nm4091190,nm5444941;nm4091190
tt6967702,nm1336296,nm4887430;nm1145230
tt6974426,nm8522504,nm8522504;nm8522404
tt7027678,nm9071404,\N
tt7038700,nm2930119,nm2930119;nm3602602
tt7124242,\N,\N
tt7128054,nm2378239,\N
tt7131480,nm8814070,nm8814070
tt7135000,nm0351531,nm0351531
tt7201518,nm8452324,nm8452324
tt7218578,nm7383859,nm9179357;nm9179358
tt7220728,\N,nm8457491
tt7240014,nm9193015;nm9193014,nm9193015
tt7257954,nm7035837,nm9205028;nm9289859
tt7261280,nm6492179,nm6492179
tt7410810,nm0686026,nm0686026
tt7479170,nm9328688,nm9328688
tt7490200,\N,nm2376614;nm2711169;nm2377660
tt7491724,nm1655195;nm3313082,nm1655195;nm3313082
tt7504214,nm9340123,nm3959927;nm8743973
tt7510166,nm3609772,nm6276111;nm3390651
tt7520922,\N,\N
tt7530460,\N,nm6672804
tt7575082,nm9382749,nm14129262;nm7681879
tt7596874,nm0798517,nm9609698
tt7601594,nm7909553,nm7909554;nm7909553
tt7641040,nm1390885,\N
tt7643116,nm0315497,nm0315497
tt7665644,nm9440344;nm8684504,nm9440353
tt7699376,nm2133225,nm2133225
tt7743448,\N,\N
tt7745984,nm10230377;nm9485067,nm9485067
tt7758822,nm3364459,nm3364459
tt7759626,nm1396561,nm17761178;nm3221887;nm17761176;nm17761177
tt7770200,nm9499531,nm3933090
tt7802124,nm7315853,nm9516368;nm7315853
tt7810328,nm9520896;nm9520895,nm7552633
tt7826026,nm9529056,nm9529056
tt7844606,nm7972032,\N
tt7858228,nm7665975;nm3889492,\N
tt7874330,nm9555266;nm5684677,nm5684677;nm9555266
tt7967600,nm4343353,nm4343353
tt7984890,nm0953124,nm0489626
tt8005682,nm0497207,nm9628543;nm0497207
tt8041332,nm0593617,nm0593617
tt8067252,nm2759512,\N
tt8109282,nm1319217,nm1319217;nm0892039
tt8165260,nm2239085,nm2239085
tt8193790,nm1189197,nm1189197
tt8216718,nm6722235,\N
tt8228538,nm2899940,nm2899940
tt8268466,nm0089470,\N
tt8302626,nm9783621,nm9783623
tt8334558,nm5225596;nm4587976;nm1921878;nm6414738;nm4084024;nm9799426;nm2003609,\N
tt8347468,\N,nm9089111
tt8384954,nm1162241,nm1162241
tt8389410,nm4912435,\N
tt8391432,nm9827345,nm0742913
tt8408364,nm6789444,nm4297277;nm6789444
tt8447014,nm4277757,nm4277757
tt8477050,\N,nm1699799;nm7009308;nm6269395
tt8482096,nm1073455,nm0534848
tt8487990,nm2908071,\N
tt8493938,\N,\N
tt8521456,\N,nm7124870
tt8531794,nm9896113,nm9896113
tt8548902,\N,nm5934158;nm0566699
tt8613046,\N,nm9701276
tt8635054,nm3809735,nm0765685
tt8665738,nm9873899,nm9873899
tt8667566,\N,nm3181303
tt8689450,nm3149740,nm2746203;nm7700434
tt8707138,nm9975496,\N
tt8791586,nm6977982,\N
tt8806770,nm10016537,nm10031952
tt8815382,nm0503669,nm10035624
tt8819486,\N,\N
tt8890550,nm10070555;nm12851097,\N
tt8897072,nm1523366,\N
tt8918864,nm10084111,nm7034469
tt8927772,nm0411690,\N
tt8954344,\N,\N
tt8980110,nm10101903,nm10112844;nm10101903
tt9028124,nm0453778,\N
tt9046062,nm0958422,nm1093036;nm0332405;nm0370474
tt9057096,nm10155518,nm10155519
tt9061604,nm5101192,nm10158217
tt9097740,nm2912984,\N
tt9115550,nm2511290,\N
tt9121950,nm3417653,nm3417653
tt9129686,nm3679527,nm3324426;nm3679527;nm6798142
tt9145968,nm2768610,nm2768610
tt9154164,nm10202539,\N
tt9213874,nm2078193,nm2078193
tt9223212,nm5394209,nm5394209
tt9250530,nm0840616,\N
tt9273694,nm0613600,nm17712736;nm2383416;nm2365522;nm2373553
tt9286924,nm6477264,nm9814253
tt9319884,nm10493873;nm0890060,nm10493876;nm0890060
tt9364624,nm11339892,nm11339892
tt9365800,nm0505642,nm3300871;nm0505642
tt9385434,nm4940051,nm4940051
tt9403508,nm0353673;nm1830532,\N
tt9415848,nm3465216,\N
tt9419948,nm10318280,nm10318280
tt9429444,nm10322350,nm10322350;nm10680118
tt9430206,nm1621367,nm10323295;nm1621367
tt9438194,nm2203415,\N
tt9554760,nm8621020,nm8621020;nm10200060
tt9569006,nm0568334,nm0313587
tt9580550,\N,nm0211823
tt9626568,nm0457543,\N
tt9649770,nm9373173,\N
tt9743020,nm1504063,\N
tt9766862,nm4911970,nm10419117;nm4911970
tt9799044,nm8593411,nm8593411
tt9813978,nm0452103,\N
tt9846718,\N,nm10506965
tt9865470,nm0462051,\N
tt9878242,nm4138638,nm4138638
tt9892934,\N,nm6834275
tt9903802,nm1355731,\N
