tconst,directors,writers
tt0003442,nm0205986,nm0362762
tt0003749,nm0167633,\N
tt0005626,nm0154352,nm0408863;nm0653536
tt0005921,nm0098376,nm0364668;nm0606092
tt0007102,nm0674398,nm0674398
tt0007430,nm0532349,nm0102908
tt0008502,nm0413045,nm0413045
tt0008855,nm0273203,nm0273203
tt0009540,nm0524306,nm0580648;nm0607500
tt0010317,nm0018437,nm0031751
tt0011436,nm0414985,nm0414985;nm0509510;nm0781605
tt0012177,nm0181317;nm0334612,nm0334612
tt0012403,nm0639631,nm0129721;nm0446189;nm0783629
tt0013030,nm0537510,nm0280003;nm0430756
tt0014059,nm0294276,nm1703665;nm0294276
tt0014852,nm0210352,nm0073238;nm0651661;nm0834080
tt0015647,nm0749484,nm0617202
tt0015793,nm0781601,\N
tt0016551,nm0003373,nm0366688;nm0003373
tt0017500,nm0736610,nm0673988;nm0413821;nm0752514
tt0017743,nm0178260;nm0774325,nm0008280;nm0178260;nm0774325
tt0017829,nm0187981,nm0234608;nm0469166;nm0322034;nm1108768;nm1111252
tt0018336,nm0282984,nm0397963
tt0018953,nm0002179,nm0405081;nm0673585;nm0680345;nm0726588
tt0020514,nm0332539,nm0332539
tt0020803,nm0185714,nm0523046;nm0218626;nm0852864
tt0021404,nm0189076,nm0358564;nm0361877;nm0726588
tt0021483,nm0188669,nm0878494;nm0428177;nm0574112;nm0591791
tt0022101,nm0932625,nm0199223;nm0631262;nm0841581;nm0932625
tt0024950,nm0131460,nm0666473;nm0673773;nm0812827;nm0016043
tt0024952,nm0152834,nm0152834;nm0473134;nm0501872;nm0509510;nm0710723;nm0727999;nm0887988;nm0956599
tt0025512,nm0303120;nm0891561,nm0548094;nm0696247
tt0026542,nm0188669,nm0209376;nm0287124;nm0045512;nm0892044
tt0026546,nm0304098,nm0243519;nm0299641;nm0304098
tt0027060,nm0385171,nm0795851
tt0027535,nm0631438,nm0857949;nm0367060;nm0905729;nm0548788;nm0104355
tt0028220,nm0879802,nm0579951
tt0029085,nm0311174,nm0464378;nm0413519
tt0029141,nm0374871,nm0028225;nm0248108;nm0909336
tt0029328,nm0909825,nm0760488;nm0079369;nm0577650;nm0908550
tt0030981,nm0001843,nm0175333;nm0283780
tt0031655,nm0126565,nm0126565;nm0126764
tt0031703,nm0905729,nm0774539;nm0905729;nm0286643
tt0032793,nm0496505,nm0113954;nm0799027;nm0257669
tt0033156,nm0041678,nm0696190;nm0113624
tt0033880,nm0673773,nm0544457;nm0562103;nm0777943
tt0034417,nm0102749,nm0069667;nm0102749
tt0034497,nm0945428,nm0945428
tt0034876,nm0317856,nm0273273;nm0317856
tt0034887,nm0626885,nm0013629;nm0626885
tt0035028,nm0946391,nm0469166;nm0447071;nm0516121
tt0035220,nm0166836,nm0213362;nm0340599;nm0377127;nm0294137;nm0355513
tt0037856,nm0636147,nm0356839;nm0433953
tt0038428,nm0623401,nm0155519
tt0038504,nm0736610,nm0318602;nm0506575
tt0038582,nm0397678,nm0378540;nm0551869
tt0038878,nm0792450,nm0795851;nm0506544;nm0267020
tt0039068,nm0148616,nm0148616;nm1780025;nm0854502
tt0040489,nm0064415,nm0786545;nm0752878;nm0774205;nm0326554
tt0041332,nm0287931,nm0287931;nm0107130;nm0041140
tt0042566,nm0015648,nm0015648
tt0044122,nm0000406,nm0068650
tt0045619,nm0782682,nm0795730;nm0269620
tt0045809,\N,\N
tt0046237,nm0645041,nm0645041;nm0252475
tt0046718,nm0013255,\N
tt0047027,nm0554924,nm0037061;nm0273211;nm0261576
tt0048283,nm0001328,nm0001203;nm0475823;nm0089169
tt0049108,nm0696248;nm0333573,nm0175091;nm0286601
tt0049784,nm0654868,nm0633792;nm0654868
tt0050910,nm0718838,nm0533283;nm0200272
tt0053337,nm0333650,nm0333650
tt0054285,nm0538032,nm0600379;nm0211457;nm0079748;nm0538032
tt0055613,nm0727211,nm0142622;nm0455149
tt0056289,nm0703689,nm0312205;nm0001175;nm0789100
tt0056468,nm0001120,nm0953790;nm0542631;nm0765683
tt0056935,\N,nm0674518
tt0057076,nm0950109,nm0537363;nm0367820;nm0001220;nm0558435
tt0057189,nm0196536,nm0777202;nm0441197
tt0059036,nm0182913,nm0182913;nm0698782;nm0652811;nm0723039;nm0248349;nm0345409
tt0059043,nm0943758,nm0288826;nm0463385;nm0542970;nm0816143
tt0059482,nm0288408,nm0515819;nm0763126;nm0288408
tt0059551,nm0053084,nm0053084;nm0647373
tt0061180,nm0285302,nm0630494;nm0285302
tt0061437,nm0247635,nm0247635;nm0247652
tt0061441,nm0679002,nm0679002;nm1414028;nm1403950
tt0061828,nm0814773,nm0814773;nm0814242
tt0061877,nm0040789,nm0040789;nm0749013;nm0800548;nm0411271
tt0062231,nm0896892,nm0896892
tt0062863,nm0002153,nm0532030;nm0818649;nm0810335
tt0063142,nm0406625;nm0384335,nm0384335;nm0406625;nm0894028
tt0063190,nm0025945,nm0025945;nm0526520
tt0063556,nm0280718,nm0135641;nm0139536;nm0149034;nm0208086;nm0280718;nm0349437;nm0553916;nm0554693
tt0063760,nm0198786,nm0029350;nm0198786;nm0334526
tt0064119,nm0538987,nm0166405;nm0538987
tt0064208,nm0678101,nm0898812
tt0064243,nm0346297,nm0002759;nm0553916
tt0064667,nm0382019,nm0382019;nm0382044;nm0642057
tt0066470,nm0649563,nm0759453;nm0380351;nm0590274;nm0733366
tt0067493,nm0945617,nm0633986
tt0067695,nm0608740,nm0017956
tt0069147,nm0673051,nm0496236;nm1276671;nm0673051
tt0069224,nm0368688,nm0368688
tt0069702,nm0387354,nm2682221
tt0070049,nm0497379,nm0497379
tt0070124,nm0001115,nm0295099;nm0818598
tt0071273,nm0040742,nm0006724
tt0071974,nm0330848,nm0239569;nm0330848
tt0072087,nm0939064,nm0939064
tt0072284,nm0662899,nm0073388;nm0525015
tt0072640,nm0685985;nm0706423,nm0685985
tt0072978,nm0014356,nm0014356;nm0403302
tt0074389,nm0413459;nm0950302,nm0413459;nm0950302
tt0075707,nm0236664,nm5516729
tt0075773,nm0180260,nm0180260
tt0075985,nm0378552,nm0623761
tt0077373,nm0490444,nm0146974;nm0646179;nm0490444
tt0079712,nm0311065,nm0311065
tt0080609,nm0049372,nm0049372;nm1951695
tt0082530,nm0671862,nm0227940;nm0685778;nm0156417
tt0083001,nm0551082,nm0551082;nm0144252
tt0083853,nm0436089,nm1895039
tt0084547,nm0194399,nm0194399;nm2184946
tt0084857,nm0259474;nm0517712;nm0496355,nm0381247;nm0517712;nm0676003;nm0496355
tt0085234,nm0427880,nm0056217
tt0085527,nm0161615,nm0106404;nm0161615;nm0472695
tt0085922,nm0044933,nm0044933;nm0538056
tt0086218,nm0561797,nm0821884;nm1478066
tt0086550,nm0603294,nm0002191;nm0603294;nm0802859
tt0086962,nm0065303,nm0065303;nm0221991
tt0088344,nm0653620,nm0653620;nm0860019
tt0089103,nm0006621,nm0613446;nm0006621
tt0089467,nm0717305,nm0363970;nm0690513;nm0079442;nm0717305
tt0089945,nm0933505,nm0933505
tt0090022,nm0001410,nm0001410;nm0440461
tt0090832,nm0943195;nm0955362,nm0591836;nm0796162;nm0096507;nm0293902;nm0894523
tt0091545,nm0043668,nm0043668
tt0091707,nm0197889,nm0151620
tt0093018,nm0273628,\N
tt0093714,nm0266668,nm0266668
tt0094121,nm0728271,nm0224765;nm0728271;nm0953301
tt0094379,nm0541806,nm3798570;nm0001437;nm0541806
tt0096132,nm0361864,\N
tt0096224,nm0201815,nm0531464;nm0949526
tt0096346,nm0936123,nm1572419;nm0936123
tt0096951,nm0557751,nm0193955
tt0097135,nm0935095,nm1353930
tt0097395,nm0481681,nm0938944
tt0099098,nm0685494,nm0685494
tt0100198,nm0251893,nm0251893
tt0100705,nm0201283,nm0201283;nm2216099
tt0100922,nm0053268,nm0052794;nm0206646
tt0101295,nm0246499,nm4273791;nm4274735;nm0246499;nm0246607;nm0215609
tt0102790,nm0613843,nm0613843;nm0333069
tt0103800,nm0001031,nm0001031;nm0799442
tt0105393,nm0155620,nm0155620;nm2797918;nm11093829;nm5735183
tt0106204,nm0223522,nm0063357
tt0107214,nm0361864,nm0352780;nm0233544;nm0361864
tt0107374,nm0817664,\N
tt0107398,nm0498477,nm0628805
tt0108113,nm0481663,nm0155165
tt0108304,nm0888993,nm0888993
tt0109734,nm0329604,\N
tt0110773,nm0391356,\N
tt0110839,nm0666674,nm0666674
tt0111580,nm0712994,nm0006249
tt0113471,nm1471273,nm1471273
tt0113701,nm0682174,\N
tt0114618,nm0712994,nm0712994;nm0006249;nm1433589
tt0118756,nm0003606,nm0003606;nm0181924;nm0299692;nm0867374
tt0119422,nm0759181,nm0699802;nm0210807;nm0651543;nm0759181
tt0120537,nm0954437,nm0703228
tt0121158,\N,\N
tt0124294,nm0678249,nm0678249
tt0125373,nm0075520,nm0075520
tt0127586,nm0043472,nm0450777;nm0043472;nm0796665
tt0128355,nm0074966;nm0657098,\N
tt0129192,nm0233981,nm4643450
tt0131588,nm0881595,nm0097180
tt0132351,nm0344660,nm6267663
tt0138835,nm0158557,nm1190995;nm1028572
tt0140275,nm0313745,nm0287566
tt0141656,nm0210701,\N
tt0143234,nm0439971,\N
tt0146020,nm0010799,nm0919090
tt0151119,nm0760547,nm0573609;nm0760547
tt0153074,nm0710220,nm0123640;nm9943824;nm0166283
tt0154529,nm0002193,\N
tt0155221,nm2055188,\N
tt0155608,nm0224543,nm0224543;nm0433562;nm0592238
tt0155986,nm0269203,nm0124482;nm0148040;nm0269203
tt0156481,nm0166996,nm0166996;nm0222164
tt0156541,nm0080389,\N
tt0158605,nm0159347,\N
tt0158671,nm0002089,nm0528753;nm0742138
tt0158786,nm0086960,nm0086960;nm0148040;nm0310176
tt0160683,nm0238810,nm0666970;nm0687402;nm2057893;nm0207972
tt0160698,nm0777579;nm0890976,nm0004454;nm0291047;nm0509510;nm0000697
tt0163541,nm0336082,\N
tt0164555,nm0419865,nm0782711
tt0165817,nm0265962,\N
tt0168146,nm0773155;nm0944280,nm0773155;nm0944280
tt0168922,nm0256149;nm0761954,nm0206230;nm0761954;nm0256149
tt0170277,nm0117432;nm0301483;nm0472406,nm0617361
tt0170372,nm0015004,nm0015004;nm13919845;nm0947710
tt0172524,nm0503982;nm0612914,nm0503982;nm0539165;nm0612914
tt0172850,nm0470729,nm0470729;nm0546394
tt0173027,nm0474528,\N
tt0173676,nm0019841,nm0692620
tt0173966,nm0705497,nm0705497
tt0175149,nm0781986,nm0592735;nm0781986;nm0892166
tt0175890,nm0618034,nm0418600;nm0618034
tt0177152,nm0094274,nm0094274
tt0178867,nm0595768,nm1263217;nm0595768
tt0180047,nm0786470,nm0302175;nm0350022
tt0180316,nm0317328,nm0223059
tt0180748,nm0647718,nm0421314
tt0181641,nm0408389,\N
tt0182358,nm0536304,nm0800548
tt0182793,nm0347728,nm0347728
tt0183306,nm0214964,nm0014137;nm0214964;nm0223585
tt0184537,nm1077209;nm0645661,nm0910977
tt0185439,nm0403226,nm1540935;nm2432227
tt0185852,nm0047971,nm0047971
tt0187583,nm0271771,nm0271771;nm0532493;nm0208310
tt0187591,nm0421721,\N
tt0187708,nm0271825,\N
tt0187712,nm0280396,nm0280396;nm0393861
tt0189091,nm0281463,nm0266060;nm0281463
tt0189429,nm0456223,\N
tt0189896,nm0871399,\N
tt0191437,nm0655230,nm3319417
tt0192086,nm0258477;nm0547155,nm0555711
tt0192612,nm0032786,nm0032787
tt0194557,nm0151843,\N
tt0196155,nm0495902,nm0495902
tt0196220,nm0266691,nm0266691
tt0196793,nm0875175,nm0875175
tt0197047,\N,\N
tt0197121,nm0005731;nm0592238,nm0592238
tt0197661,nm12148596,nm12148596
tt0197811,nm0585931,nm0114212;nm0519079;nm0897109;nm0956391
tt0199517,nm0386162;nm0726166,\N
tt0201600,nm0735134,nm0180521;nm0735134
tt0202101,nm0950603,nm0393250;nm0950603
tt0202130,nm0129387,nm0129387;nm0181952
tt0202670,nm0878010;nm0538931,nm0440522;nm0538931;nm0878010
tt0203677,nm0291001;nm0847310,\N
tt0205061,nm0508496,\N
tt0205593,nm1982295;nm0498306,nm0498306;nm1977157
tt0206380,nm0159414,nm0816458;nm0928492
tt0206755,nm0210811,\N
tt0207495,nm0905729,nm0010987
tt0208879,nm0305651,\N
tt0210259,nm0056334,nm0014433;nm0213940
tt0212014,nm0691003,\N
tt0214984,nm0243655,\N
tt0215039,nm0329715,\N
tt0215719,nm1131495,nm1131495
tt0215987,nm0346618,nm1338353;nm0315905;nm4045584
tt0217460,nm0024658;nm0063851,nm0024658;nm0063851
tt0219038,nm0142307,nm0142307
tt0219646,nm0552121,nm0424938;nm1013211;nm0420226
tt0219785,nm0157778,nm0157778
tt0219856,nm0703369,\N
tt0224426,nm0747808,nm0747808;nm0603397;nm0057325;nm8702714
tt0225915,nm0044636;nm0459973,nm0459973
tt0226752,nm0632765,nm1376430
tt0226993,nm0584982,nm0584982
tt0230174,nm0196614,nm0617049
tt0230406,nm0126652,nm0067139;nm0126652;nm0920039
tt0230788,nm0371913,\N
tt0234669,nm0361672,\N
tt0234732,nm14221250,nm14221250
tt0234772,nm0471457,\N
tt0236952,nm0539034,\N
tt0237463,nm0883295,nm0306824;nm0883295
tt0237475,nm0032669,nm3802697
tt0237923,nm0758182,nm0758182
tt0239501,nm0576556,nm0525289;nm0879854
tt0239963,nm0487523;nm0487524,nm0487523;nm0487524
tt0240464,nm0482076,nm0002031;nm0482076;nm0831290
tt0242503,nm0592985,\N
tt0242893,nm0741733,\N
tt0244147,nm0762786;nm5600981;nm0844533,nm0521191;nm0546446;nm0762786
tt0244416,nm0490353,\N
tt0245027,nm0283377,nm0502547;nm0283377
tt0245852,nm0619059,nm0038010
tt0247495,nm0621265,\N
tt0249108,nm0048491,\N
tt0249420,nm0350947,nm0747739
tt0249845,nm0255980,\N
tt0251649,\N,\N
tt0252202,nm0310440,nm0310440;nm1008170
tt0252882,nm0312866,\N
tt0253143,nm0781261,nm0781261
tt0253873,nm0667673,nm0619760;nm0238898
tt0254099,nm0001086;nm0000492,nm0000492;nm0001086
tt0255204,nm0695264,nm0329731
tt0255583,nm0454879,\N
tt0255641,nm0698184,nm0698184
tt0256164,nm0700386,\N
tt0257459,nm0163014,nm0105408;nm0163015
tt0258227,nm0706484,nm0080180;nm0664085;nm0664084
tt0258251,nm0692414,nm3026028;nm0652679
tt0259496,nm0707952,\N
tt0261552,nm0453518,nm0453411;nm0453518
tt0263099,nm0882772,nm0040490;nm0882772
tt0265542,nm0006491,nm0006491;nm0945086
tt0265586,nm0539412,nm0900413
tt0266711,nm6880177,\N
tt0267274,nm0353055,\N
tt0267951,nm0714773,\N
tt0269883,nm0523541,nm0523541
tt0269986,nm0492193,\N
tt0271597,nm0433873,nm0045069;nm0007161
tt0272321,nm0651883,nm0321541
tt0276295,\N,\N
tt0279866,nm0102749,nm0102749;nm0273348;nm0812058
tt0279903,nm0015570,nm0649320
tt0281160,nm0482735,\N
tt0281200,nm0301064,nm0301064
tt0283027,nm0842957,nm0823723;nm0842957;nm0127332;nm1480810
tt0287449,nm0299677,nm0299677
tt0287540,nm0116309,\N
tt0288863,nm0555005,nm0134430;nm0025874
tt0291888,nm0857001,nm0857001
tt0295428,nm1046588,nm3628390
tt0298210,nm0595030,nm0595030;nm1066450
tt0301348,nm0445056;nm0472894,\N
tt0302801,nm0740424;nm1091689,nm0740424;nm1091689
tt0304901,nm0673813,\N
tt0304981,nm1099838;nm0876555,\N
tt0306079,nm0646299,nm0007344
tt0307297,\N,\N
tt0308503,nm0548071,nm0016043;nm0305885
tt0311360,nm1137047,\N
tt0311790,nm1136741,nm1142287
tt0312957,\N,\N
tt0313962,nm0950970,nm0954779
tt0314513,nm1047690,nm0119207;nm0665651
tt0316158,nm0626885,nm0530485
tt0318792,nm1126555,nm1126555
tt0322098,nm0948577,nm1077932
tt0322922,nm0034740,nm0034740;nm0960106
tt0323153,nm0948577,nm1194852
tt0323998,nm0540297,nm0540297;nm1450833
tt0325852,nm0840788,nm0098621
tt0330028,nm1228549,nm1097234
tt0333827,nm0099230,nm0099230
tt0338312,nm0726729,nm0538966;nm0726729
tt0345495,nm0361580,nm0836803
tt0345527,\N,\N
tt0347083,nm0869146,nm0559769
tt0348476,nm0156906,nm0401206
tt0349890,nm0258821;nm1045525,nm0258821;nm0707885
tt0350671,nm1314973,nm1077932
tt0351155,nm0768422,nm0678950
tt0353010,nm0857002,nm0415549;nm1066396;nm0857002;nm1431061;nm1509215
tt0353837,nm1024274,nm1024274
tt0353922,nm0041075,nm1524141
tt0354950,nm1327673;nm1329168,nm1329168
tt0355586,nm0615932,nm0373632
tt0358754,nm1066229,nm1101185
tt0365422,nm0827169,nm1372398
tt0365663,nm1369972;nm1304031,nm1202581;nm1301195
tt0365907,nm0291082,nm0088747;nm0291082
tt0366295,nm1672050,\N
tt0367450,nm0035194,\N
tt0367794,nm1382174,\N
tt0370469,nm1042050,\N
tt0371950,nm1398073,nm1398073;nm1412379
tt0373996,nm1410433;nm1412787,\N
tt0374890,nm0196842,nm1049062
tt0377458,nm2431809,nm0463325;nm2049486
tt0378993,nm0141142,nm0013220;nm0141142;nm2015474
tt0379168,\N,\N
tt0379272,nm0576491,\N
tt0380697,nm0595543,nm0530731;nm1785779
tt0384369,nm0304541,nm0304541;nm0673297
tt0385541,nm0227762,nm0649320;nm0781261
tt0387666,nm1299213,nm1299213
tt0389801,nm0632560,\N
tt0391936,nm1394039,nm1077029
tt0392493,nm13802872,nm0202540
tt0392716,nm1516227,\N
tt0393360,nm0133419,\N
tt0393790,nm14521184,nm14035668
tt0397526,nm1197961,nm1121397
tt0398721,nm1547947,\N
tt0398727,nm1097088,nm1058090
tt0402763,nm0125930,nm1577305;nm0125930
tt0407914,nm0684501,\N
tt0409505,nm1265303,nm1265303
tt0410540,nm1546944,nm1364329
tt0412863,nm1353992,nm1353992
tt0414939,nm1180433,nm1135269;nm0233188
tt0418018,nm0517029,nm2034545;nm0517029;nm0210938
tt0418342,nm0012801,nm0012801;nm1665971
tt0418686,nm0171560,nm0171560;nm0182011
tt0419221,nm0798161,\N
tt0420120,nm1671962,\N
tt0422313,nm0437608,nm1314969
tt0422396,nm1390536,nm0746889;nm1930061;nm1697582
tt0424861,nm1729249,nm1729249
tt0425583,nm1044632,nm2821509;nm1413983
tt0427412,nm0496900,nm1764905
tt0428304,nm0681566,nm0972974;nm0681566
tt0431645,nm0451262,nm0451262;nm1761114
tt0432692,nm1078585,nm1078585
tt0434164,nm0357620,nm0357620
tt0434997,nm1589652,nm0649320
tt0436689,nm0243231;nm0243233,nm0243233;nm0243231
tt0437876,nm0674600,\N
tt0443207,nm0899217,\N
tt0448826,nm0533048,nm9325431
tt0451741,nm0928910,nm1260608
tt0452319,nm0613482,nm0257936;nm0613482
tt0453040,nm0704289,nm0498080;nm0759260
tt0455870,nm0062960,\N
tt0456591,nm0147457,nm0147457
tt0459880,nm0273863,nm0492692;nm0092006;nm0273863;nm0873211
tt0471251,nm0389415,nm1181226;nm0389415;nm1484790;nm0776856;nm1100142;nm0805114
tt0471357,nm1953438,nm0714152;nm1953438
tt0473647,nm0239320;nm0239322;nm2186160,nm0239322;nm2186160
tt0478370,nm0255386,nm0255386
tt0480106,nm1729059,nm1729059
tt0480163,nm0266138,nm1001327
tt0482006,nm2054108,nm2056601;nm0000636
tt0483614,nm0233339,nm0233339
tt0488186,nm0705173,nm0705173;nm0735982
tt0488762,nm1863568,\N
tt0491534,nm1698387,nm0327960;nm0733394;nm1707116
tt0494726,nm4062686,nm4062686
tt0495031,nm0048060,nm0048060
tt0762091,nm0175428,nm2161874
tt0775434,nm2187153,nm2187153
tt0779719,nm2203137,nm2203137
tt0779739,nm0707952,\N
tt0780073,nm0145713,nm0145713
tt0780130,nm1031793,\N
tt0787126,nm0502479,\N
tt0788214,nm2010974,\N
tt0791202,nm1354130,nm2222784
tt0823548,nm1780293,nm1780293
tt0824279,nm1556116;nm1552637,nm1556116;nm1552637
tt0829421,nm1430395,nm1430395
tt0831341,nm2296604,nm1830661
tt0842623,nm0666994,\N
tt0843592,nm0042885;nm8082024,nm2375772
tt0869112,nm0411413,nm1054826
tt0873600,nm0486463,nm0486463
tt0891303,nm0373117,nm0373117;nm0373119
tt0899255,nm0467285,\N
tt0912592,nm0052737,\N
tt0923621,nm0407035,nm0644823;nm1142609;nm1168525
tt0925241,nm0712304,\N
tt0934442,nm0945324,nm1171065;nm0945324
tt0943475,\N,\N
tt0958092,nm0248738;nm0691996,nm0691996
tt0959556,nm1994163,\N
tt0961109,nm0775397,nm0775397
tt0962579,nm0723211,\N
tt0989833,nm1095841,nm0648281;nm3377374
tt10064134,nm1065111,nm0742197
tt10160304,nm4535097,nm4417399
tt1016156,nm0048146,nm0048146
tt10170880,\N,nm7034972
tt1019940,nm0596311,nm0596311
tt1020028,nm0854628,nm0854628
tt1020529,nm2308774;nm2841342,\N
tt10232096,nm5324085,nm5324085
tt10264340,nm4299374,nm9503240
tt10269680,nm3952590,nm1436870
tt10337580,nm3577075,nm9392814;nm10696306;nm2641400;nm2124102;nm3577075
tt10356580,\N,\N
tt10359378,nm0370852,nm0370852;nm0541750;nm10705593
tt10368934,nm10710523,nm10710523
tt10399650,\N,\N
tt1042552,nm0482774,nm0898183
tt10486854,nm1621370,nm1621370
tt1049413,nm0230032;nm0677037,nm0677037;nm0230032;nm0565336
tt10510962,\N,\N
tt10515214,\N,\N
tt10531134,nm2243554,nm2243554;nm3305951
tt1053226,nm2538739,nm2679404;nm2538739;nm13056480;nm17091799
tt10542462,nm10764937,\N
tt10560338,nm10801802,nm10801802
tt1062939,nm1618472;nm2137754,nm2137754
tt10640730,nm10833914,nm7822255
tt10676030,nm10854440,nm10854440
tt10719020,nm8386223;nm1337648,\N
tt10721318,nm11924029,nm11924029
tt1072754,nm0184620,nm0169540
tt10764416,\N,\N
tt10772992,nm6451411,nm6451418
tt10837952,nm9335100,nm10927914
tt10837980,\N,nm4474319;nm4507021
tt10844962,\N,nm8989268
tt10872590,nm5521127,nm5521127
tt10873470,nm2852166,\N
tt1087631,nm0782422,nm2746526
tt10879516,nm2773368,nm2773368
tt10919042,\N,nm3775894;nm5162578
tt1092601,nm2753522,nm2753522
tt1093373,nm1371859,nm0557287;nm1371859
tt11024462,nm2900356,\N
tt11027294,nm7237845,nm7237845
tt11033506,nm0566044,nm14559438
tt11055048,nm0095321;nm4661672;nm0517572;nm1556123;nm2204583;nm4138568;nm1429721,nm0095321;nm4661672;nm5625050;nm0414813;nm1556123;nm2204583;nm4138568
tt11057944,nm1948048,nm1948048
tt11059108,nm1645229;nm1512353,\N
tt11068940,nm2328478,nm2328478
tt11073954,nm7506515,nm7506515
tt1110636,nm2790586;nm2782466,nm2790586;nm2782466
tt11136244,nm10528287,\N
tt11161142,\N,\N
tt1117380,nm1104113,\N
tt1117390,nm0366755,nm0366755;nm0903361
tt11178402,nm0540220,\N
tt1119196,nm1699344,nm1699344
tt11287096,nm11133261,nm11133261
tt1130727,nm0943212,nm1356979
tt11394308,nm5918737,nm5918737
tt11394650,nm0225269;nm0463039,nm0225269;nm2452937;nm0463039
tt11399972,nm0917688,nm0157860
tt11436282,nm6738964,nm6738964
tt11438326,nm1555990;nm0732103,nm1555990;nm0732103
tt11481082,\N,nm16663503;nm0958597
tt11496596,nm1254045,\N
tt1152830,nm1864022,nm1868973;nm1864022
tt1153700,nm1513321,nm1513321;nm10612297;nm1026664;nm14265216;nm2744651;nm1950839;nm1329977
tt11547982,nm4561933,nm4561933
tt11575054,\N,\N
tt11578464,nm0866661,nm1203210;nm11278065;nm0866661
tt11579124,nm10224594,nm11258372;nm10224594
tt1160982,nm2594718,\N
tt1161058,nm0267454,nm0267454;nm0278567
tt11633108,nm8930870,nm13037367;nm3327926
tt11638970,nm0256384,nm0256384
tt1165342,nm1008497,\N
tt11655972,nm3714424,\N
tt11675386,nm7317066,nm11302448
tt11693666,nm1322932,nm1322932
tt11698818,nm11312839,\N
tt1172179,nm6667508,nm2217381;nm1761135
tt1173752,nm1699737,\N
tt11766766,nm8057597,nm8057597
tt11778366,nm6979353,nm6979353
tt11779626,nm11348090,nm11348090
tt11807082,nm8100350,nm8100350
tt11839386,nm0781964,nm4655387;nm0839783
tt11845074,nm1982945,nm1982945
tt1185262,nm2920728,nm2500722
tt11924458,nm11404650,\N
tt1196585,nm0874868,nm1761127
tt12035696,nm0923120;nm1237153,nm1237153;nm11449689
tt12056434,nm1802277,\N
tt12063464,nm9772410,nm9772410
tt1206906,\N,\N
tt12090302,nm8632174,nm8632174
tt12109706,nm0754766,nm8406091;nm0342674
tt1211875,nm0903837,nm0903837
tt12120720,nm11488155,nm8893578
tt12122676,nm3729645,\N
tt1213037,nm0615923,nm2805851
tt12166890,\N,nm11507563
tt12273720,\N,nm4401003;nm0732631
tt12358176,nm11595483,nm11595485
tt1239321,nm0276927,nm0276927;nm3047745
tt12408930,nm11538314,nm11536337;nm11617899
tt12414296,nm0183659,nm0183659
tt1242527,nm0421716,nm0421314
tt1242544,nm2852166,nm2852166
tt1249368,nm0140235,nm0140235;nm0456326;nm0555909;nm1424630;nm0904730
tt12504036,nm11653883,\N
tt1250841,nm0560543,nm0560543
tt1258152,nm3065159,nm3065641;nm3065159
tt12660650,nm6232902,nm6232902
tt12666384,nm2916525,nm2415766;nm2533194;nm2916525
tt1267152,nm3085741;nm0118345,nm0118345
tt12672230,\N,\N
tt12714694,nm4817601,nm4817601
tt12724444,nm11743783,nm11743786
tt1275585,nm0523704,nm0523704
tt12775252,\N,\N
tt12780094,\N,nm3089747
tt12783454,nm1479803,nm6564541;nm1479803;nm10477231
tt12790840,nm5133863,nm5133863
tt12802672,nm10640460,nm10565632;nm4545861
tt12833062,nm11789093,nm11789093
tt12845932,\N,\N
tt12868184,nm2538739,nm7919191;nm6543930;nm2678099
tt1288406,nm1102188;nm0898187,nm0383658;nm2961509
tt12886344,nm2043863,nm2977282
tt13015408,nm3989497,nm3585500;nm3989497
tt1303824,nm2917128,nm2917128
tt13044118,nm5774222,\N
tt13056788,nm6934060,nm6934060
tt13070836,nm11888101,nm11888101
tt1308729,nm0001353,nm0131947;nm1989798;nm5631325
tt1313088,nm0619946,\N
tt13154856,nm11925593,nm11925593
tt13162190,nm1291558,nm1291558;nm11928762
tt13173102,nm8719196,nm8719196
tt13219586,nm1163929,\N
tt1322916,nm3193347,\N
tt13333998,nm2809503;nm2804492,nm10846147;nm8031118
tt13368980,nm5655650,nm5655650;nm5089985;nm3438817
tt13376436,nm1033181,\N
tt13381608,nm5507776,nm5507776
tt1340727,nm3236505,\N
tt13435818,nm0419677,\N
tt1344031,\N,\N
tt13455606,nm3644268;nm0128412;nm0128464,nm3644268;nm0128412;nm0128464
tt13491872,nm12078491;nm10496444,nm12078491;nm10496444
tt13519428,nm5815849,nm4424861;nm3804392
tt13528680,nm9186540,nm9186540
tt13552934,nm12104919,nm12104919
tt1356791,nm0853928,nm0853928
tt1359029,nm1103765;nm3287310,nm1103765
tt1360117,nm0212191,\N
tt13621822,nm2074778,nm2074778
tt1364288,nm0208767,nm2236846;nm1046381
tt13648700,nm12148519,nm12148519
tt13739490,nm5470061,nm5470061
tt13739728,\N,nm12190355
tt13765104,nm5827108,nm5827108;nm8181266
tt13826304,nm5382147,\N
tt13848412,nm2682759,\N
tt1385948,nm0151546,\N
tt1391084,nm3357142,nm3357142
tt13939198,nm12274922,nm12274922
tt13966434,nm12284224,nm12284224
tt1398949,nm3372147,\N
tt14008186,nm6702320,nm6702320
tt14041918,nm4714245,\N
tt14063960,nm0040631,\N
tt14088496,nm12335868,nm12335868
tt14097180,nm0005380,nm0005380;nm0825217
tt14116202,\N,nm6075681
tt1411965,nm1897567,nm1897567
tt14251776,nm7460494,nm7460494
tt14336310,\N,\N
tt14338600,nm5675254,nm5675254
tt14338682,nm12441463,nm12441463
tt14345418,nm3995682,nm3995682
tt14350812,nm10070447,\N
tt1435572,nm0151664,nm2431417
tt1442568,nm0661718,nm0661718;nm3520277
tt14445112,\N,nm8226955
tt14462284,\N,\N
tt1447499,nm0850958,nm3536953;nm0662186
tt1451635,nm2740794,nm2740794
tt1454520,nm3496060,nm3495581;nm3496060
tt14558662,\N,\N
tt14591312,nm2643786,nm12549999;nm2643786;nm2762759;nm9197383;nm2135438
tt1459234,nm3490930,\N
tt14598734,nm8263638,\N
tt1460643,nm0146917,nm1233021;nm0146917
tt1467326,nm3513780;nm1637935,nm3513780;nm1637935
tt14687306,nm0532723,nm0532723
tt1471248,nm1083840,nm1083840;nm1274142
tt1473001,nm3512357,\N
tt14730898,nm0610931,nm3367804;nm0610931
tt14776720,nm7432725,nm12631874;nm7432725
tt14803538,nm1033768,nm6498526
tt14922354,\N,nm12651036
tt15016412,nm0380912,nm0380912
tt15041474,nm12732872,\N
tt1504382,nm3606906,nm3606906
tt15048024,nm12758753,nm12758753;nm15813222
tt15058340,nm0474807,nm0474807
tt1506965,nm0887511,nm3710190;nm0887511
tt15114108,nm3078249,nm3078249;nm3358249
tt15121860,nm7954017,nm10695383;nm1872089;nm13163915;nm7954018;nm15085352
tt15126710,nm10798950,nm9256079
tt15131266,nm1950018,nm0925220
tt15140266,\N,\N
tt1514048,nm1960122,nm2595437;nm2244989;nm1960122
tt15185988,nm12824264,nm12824264
tt15220122,\N,nm2574631
tt1522309,nm0027179,nm3009240;nm0027179
tt1530545,nm0765761,nm2074407;nm3192398;nm3649393;nm2703215
tt15328122,nm3444024,nm16349152
tt1547919,nm3684925,nm3684925
tt1552750,nm2155426,nm3696549;nm3696523
tt15541502,\N,nm0813068
tt15551988,\N,nm5876335;nm7695408
tt15613488,nm0610250,nm5746399
tt1561457,nm3718935,nm3718935
tt15622856,nm3436501,nm3436501
tt15685582,\N,\N
tt15716328,nm2839768,nm2839768
tt15723074,nm4207982,nm10977338
tt15723990,nm6755788,nm6755788;nm2165583
tt15743130,nm4104763;nm9207446,\N
tt15744346,\N,nm1954868
tt15761332,nm4525788,nm4525788;nm0637316
tt15777864,nm2998392,nm6268918;nm0801215;nm8682002
tt15779058,nm3373938,\N
tt15779976,nm3305951,nm3305951
tt15839006,\N,nm7789883
tt15847552,nm3207576,nm3207576
tt15847878,nm11486749,nm11486749
tt15847956,\N,nm10611046
tt15891062,nm12224490,nm13102353;nm9240792
tt1590297,nm1834967,\N
tt1595655,nm7956878,\N
tt1601453,nm1126847,nm3370087
tt16058374,nm3275646,nm3275646
tt1606761,nm0386312,nm1330441;nm0411693;nm1024275
tt16077276,nm13123729,nm13123729
tt16124478,nm2090825,nm9306397;nm13124772
tt16149794,nm2514149,nm5772244
tt16162032,nm3493303,nm5684037;nm5683926
tt1623777,nm2286532,nm3378344;nm2286532
tt16245176,nm7923363,nm7923363
tt1625155,nm0133981,nm0133981
tt16256834,nm0145734,nm0145734
tt16280912,nm1424618,nm1618293
tt16288700,\N,nm1977646
tt16305606,nm5299850,nm5299850
tt1632544,nm0474948,nm3873893;nm3642910;nm0474948
tt1637688,nm0629272,nm0629272
tt1639883,nm3334618,nm3334618
tt16418448,nm1916529,nm1916529
tt16607056,\N,nm2599216
tt16612280,nm0098454,nm5868618
tt1672166,nm1732299,nm1732299;nm3457203;nm2475997;nm3510691;nm3942943;nm1816845
tt16787020,nm9977211,nm9977211
tt1690433,\N,\N
tt17077058,nm3626376,nm6833272;nm0605231;nm2636866;nm4691847;nm1059740;nm5377324
tt17081166,nm1164313,nm8419746
tt1710551,nm0316054,nm0316054
tt1713561,nm0792018,nm0792018
tt1737256,nm1189816,nm1189816
tt1753775,\N,nm1615610;nm2196897
tt1754166,nm1868749,nm1761162
tt1760936,nm1381841,nm1381841
tt1767353,nm1825883;nm4163403,\N
tt1796657,nm2177966,nm1650390;nm6512623;nm4223238
tt1810711,\N,nm2409119
tt1815673,nm1001232,nm1001232
tt18184498,\N,nm3798121;nm0182499;nm0002645;nm2601560;nm0712330
tt18225644,nm3888862,nm3888862
tt18239308,nm13078817,nm13078821;nm13078818
tt18289422,nm4856398,nm4856398
tt1837645,\N,\N
tt1838442,nm4313078,nm0475520;nm0608741
tt18570468,nm12970375;nm10991290,\N
tt1866285,nm0224910,nm0224910
tt1880984,nm4401789;nm4628917;nm0994455,nm4401482
tt18937694,nm15172780;nm7177778,nm7177778
tt18954468,nm0665254,nm0202540
tt18955624,\N,nm5265818
tt1922709,\N,nm4446237;nm4656337
tt19371446,nm11868061,nm11868061;nm13542246
tt1941680,nm4450127,nm4450127
tt19516392,\N,nm13170866
tt1954835,nm4493719,nm4493719
tt1974252,nm0786529,nm0786529
tt1976549,nm0671562,\N
tt19784124,nm13594605,\N
tt19812364,nm0684762,nm0684762
tt1981703,nm1953107,\N
tt1982838,nm2018249,nm2018249
tt1984241,nm0374949;nm1108177,nm0374949
tt19849852,nm0466833,nm0466833
tt19856548,nm3645961,nm3645932
tt1985981,nm2539328,nm2539328;nm3065956;nm1179457
tt19874736,nm3190536,nm1197560;nm3190536
tt1988601,nm3713917,\N
tt1998253,\N,\N
tt1998399,nm2642331;nm1633730,\N
tt2005419,nm4635651,\N
tt2008498,nm0997778,nm1022269
tt20112746,nm3737504,nm3737504
tt20200426,\N,\N
tt20257268,nm10028368,nm10028368
tt2035660,\N,nm1909596;nm2898399
tt20423134,nm2042555;nm13685596,nm2042555
tt2042608,nm0708014;nm4650530,nm4437962
tt20426264,nm6320183,nm13687646;nm6720396
tt2042712,nm0591472,\N
tt20453900,nm2507247,nm9779431
tt20504968,nm13684275,nm13684275
tt20724406,nm2306874,nm2306874
tt2078524,nm0465932,\N
tt2080352,nm1048566,nm4714340
tt2082518,nm0862532,\N
tt2097877,nm3192117,nm3192117;nm4512041
tt2103153,nm4758177;nm1476978,nm4758177;nm1476978
tt2106583,nm4765461,nm4765461
tt21071746,nm0580698,nm0580698;nm0368525
tt21080816,nm3210013,nm3210013
tt2109220,nm0551358,nm0551358
tt21153380,nm3050750,nm3898311;nm11686246
tt2118772,nm0642223,nm4858618;nm0642223
tt2120157,nm0781907,nm0263511;nm0175028
tt21209940,nm5853456;nm5853453,nm11669489
tt21231266,nm11485532,nm11485532
tt21262736,\N,nm10892794
tt21299754,nm3535055,nm10573613
tt21304894,\N,\N
tt21375374,nm13882416,\N
tt21435816,nm0001112,nm13906202;nm0001112
tt2144099,nm1385330,nm1008497
tt21446590,nm13908140,\N
tt2165256,\N,\N
tt2166422,nm0258581,nm0258581
tt2169316,nm0400369,nm0400369;nm2157066
tt21807998,nm1364503,nm1364503
tt21816244,nm6227104,nm6227104
tt21825708,nm13954270,nm13954270;nm0667657;nm13954442
tt2184335,nm0001994,nm1319618
tt21857366,nm13143034,nm13968870;nm13143034
tt21907368,nm12677385;nm13981485,nm12677385
tt21916590,nm0419365,nm13525312
tt2194542,nm3796482,nm3796967
tt2198121,nm0955939,\N
tt2199299,\N,\N
tt22083184,nm13357316,nm13357316
tt22374876,nm1303402,\N
tt2241674,nm0950457,nm0950457
tt2243338,nm5136195;nm5137450;nm5137081,\N
tt2244696,nm1626432,nm5139016;nm1626432
tt22456942,nm7316607,nm6083824
tt22462942,\N,nm8474693
tt2254068,nm2551464,\N
tt2261261,nm3505187,nm3505187
tt2265577,nm2491045;nm3538044,\N
tt22697096,nm5878393,nm2574522
tt2282390,nm4029428,nm4029428
tt2292607,nm0609200,nm0008151;nm0436424
tt2299433,nm2509927,nm2393339;nm2509927
tt2312084,\N,nm4578732;nm0588387
tt23214780,nm7278788,nm9489269;nm7278788
tt2326668,nm3579598;nm4583848,\N
tt23331118,nm12978455,nm12978455
tt2345561,nm2053461,nm2053461
tt23468906,nm1444125,nm14217495
tt2347154,nm0875793,nm3006820;nm0100691
tt2349865,nm4993304,nm4993092;nm4992687
tt2353897,nm4995220,nm4995220
tt2355717,\N,nm4997778;nm0545150
tt23624478,\N,nm4271857
tt2375540,nm18522441,nm5250155
tt2378830,nm0054504,nm2145370;nm0054504
tt2379772,nm0040220,\N
tt23842212,nm2382218;nm9812114;nm9812115,nm9812114
tt23863964,nm8574434,nm8574434
tt23919810,nm0059831,\N
tt2398340,nm3008574,nm1416190;nm1189085;nm3008574;nm5635145;nm1007919
tt2402163,nm4830242,nm4830242
tt2404473,nm2285587;nm5066252,\N
tt24067390,nm9146492,nm9146492
tt2409762,nm2693408,nm2693408
tt24134016,nm2831402;nm3232077,nm3232077
tt2447822,nm1105439,\N
tt24554982,nm11013941,nm11013941
tt2474932,nm2328765,nm2328765
tt24764580,nm7581882,nm7581882
tt24787100,nm13343392,nm13343392
tt2480376,\N,\N
tt24855240,nm1548265,nm1548265
tt2511728,nm1283324,nm5361574
tt2517764,nm1503079,\N
tt25178300,nm7512664,nm7512664;nm6243013;nm13778173
tt2522054,nm1168570,nm5374503;nm1168570
tt2531084,nm5393686,nm5393686
tt25407180,nm9471018,\N
tt25425012,\N,nm5892384
tt25435238,nm14428023,nm14428023
tt25504248,nm7379431,nm7379431;nm13362075
tt25724932,nm2958922,\N
tt2577862,nm0158305,nm0158305
tt2579454,nm1907292,nm1907292
tt2581390,nm4791111,nm4791111
tt2590162,nm2595709,nm2595709;nm5432828
tt25965930,nm6587831,nm6610100
tt25967832,nm14310607,nm14310607
tt26367475,nm14483701,\N
tt2639336,nm0001403,nm1242522;nm0001403
tt26397842,nm14488373,\N
tt26421126,nm4005028;nm2766218,nm4005028;nm2766218;nm4459128
tt26467978,\N,nm14506200;nm0047751;nm14506201
tt2650182,nm5482955,nm5482955;nm5484553
tt26625455,\N,\N
tt26687372,nm14550668;nm14550669,nm14550668
tt26689494,nm13511416,\N
tt26745680,nm11632431;nm10224104,\N
tt2678350,nm0877123;nm2645249,nm2645249;nm0877123
tt2700916,nm1744370,nm1744370;nm5515904
tt27047221,nm13531976,nm13966916
tt27053104,nm0821084,nm0821084
tt27169915,nm8376215,nm8376215
tt27170131,nm10122720,nm10122720
tt27205497,nm11184177,nm9492276;nm11184177
tt27205884,nm0557840,nm0147599
tt2723240,nm1112548,nm3739374
tt27302397,\N,nm14693346
tt2734860,nm5505687,nm1368182
tt2739792,nm5046124,nm5046116
tt27436539,nm4209625,nm1569052;nm4209625
tt27494630,nm9343592,nm9343592
tt2751110,nm1435543,nm1435543;nm3808789
tt27525181,nm14759956,\N
tt27530746,nm14003962,nm14003962
tt27532999,nm10061996;nm5146815,\N
tt27534354,\N,\N
tt2759068,nm5561895,nm5561895
tt27819521,nm2526727,\N
tt27823808,nm7401963;nm2219107,nm7401963;nm2219107
tt27847950,nm1695320,nm4162211
tt27859071,nm5075532,nm5075532
tt27867585,nm0450507,nm0450507
tt27996535,nm14930495;nm12064448;nm6381353;nm5813505;nm10090949;nm12064447,nm14930495;nm12064448;nm5813505;nm10090949;nm12064447;nm10529867;nm4920530;nm2897123;nm10961875
tt2802108,nm2445967,nm2445967;nm4105075
tt28025623,nm0184367,nm0889771
tt2802610,nm3033272,\N
tt28144594,nm13994131,nm13994131
tt28234820,\N,nm8642818;nm12988353
tt28252889,nm0997596,nm0997596
tt28258332,nm0955443,nm8310740;nm15871903
tt28275773,nm8967959,\N
tt28445113,nm13221785,nm13221785
tt2846890,nm0478121,nm0478121
tt28485737,nm7514631,nm15083213
tt2848900,nm1863808,nm1863808
tt2857720,nm1548648,nm1548648
tt28622382,nm8303792,nm0657532
tt28624448,nm15131449,nm3231022
tt28642082,nm5360806;nm0663333,nm0663333
tt28665035,nm12299427,nm12299427
tt28678342,nm8872695,\N
tt28688160,nm2626993,\N
tt28695995,nm13560258,nm13560258
tt28750562,nm8055863,nm4683293;nm8055863
tt28775000,nm9550968,nm13337711
tt28775647,nm9980197,nm0559674
tt28941401,nm5888622,\N
tt2908928,nm0994324,nm3134983
tt29119792,nm6934666;nm15256913,\N
tt29268579,nm7405424,nm8734457;nm2873706
tt2935056,nm0134176,nm0287946;nm4207379;nm0574387;nm0892866
tt29418745,\N,\N
tt29427069,nm14277129,\N
tt29428272,nm15195787,\N
tt29548985,nm12557113,nm8483106;nm11705514;nm4228693;nm12557113
tt2960600,nm3172831,nm4194449;nm5726259;nm0405126;nm3172831
tt29668971,nm6072254,nm15410284
tt29728906,nm3400140,nm3400140
tt2982066,nm0406881,nm0406881
tt29954344,nm0994428,nm0994428;nm1070340
tt30013978,\N,\N
tt30061643,nm15379120,nm15379120
tt3012508,nm0098259,\N
tt30150297,\N,\N
tt30185741,nm0565333,\N
tt30228878,nm15419304,nm15419304
tt30235974,nm2594938,nm2594938;nm9177932
tt30261269,nm2081224,nm2081224
tt30315713,nm6290405,\N
tt30331804,nm0867114,\N
tt30460040,nm13115282,nm13115282
tt30476206,nm4508685,nm4508685
tt30487618,\N,nm2331133
tt3076696,nm5825560,nm5825560;nm5825558
tt30781217,nm1458763,nm6834192
tt30811257,nm2653192,\N
tt30869594,nm5763277,nm5763277
tt30970776,nm0683900,nm12068469
tt3101360,nm11014433,nm11014433
tt3116676,\N,nm5872617
tt3118628,nm0067946,nm0067946;nm2144991
tt31227538,nm15812897;nm0953805,nm0953805
tt31250833,nm1857470,nm5926857;nm1127154
tt31315981,nm0625621,nm0179132;nm4571467;nm0614436;nm0625621;nm12238107;nm4571481
tt3137432,nm0766499,nm5894114;nm0766499
tt31461677,nm1832706,nm1832706
tt3146264,nm2488601,nm5904246
tt31530596,nm0836784,nm1734479;nm3407911
tt3153946,\N,\N
tt3159590,nm0147261,nm1028275
tt3162700,\N,nm5772304
tt3165210,nm3069725;nm2625253,nm2625253;nm1409098
tt31795947,nm0426851,nm0426851
tt31797357,nm15057451,nm15057451
tt3181098,nm4728778,nm4728778
tt31840715,nm6355283,nm6355283
tt31887309,nm13670022,nm13670022
tt31921921,nm0778841;nm0762351,nm0762351;nm0778841
tt31947358,nm1387046,nm1387046
tt32055882,nm0650601,nm0650601
tt32056002,nm14862821,nm14862821
tt3214416,nm5973447,nm5973447
tt3218102,\N,nm4121001;nm5938554
tt32230042,nm2489328,nm4755154
tt32253253,nm12454776,nm12454776
tt3228096,nm0052897,nm0052897;nm1450724
tt32306046,nm1374530,nm8317725;nm1374530
tt32331122,\N,nm12387476
tt32351535,nm0574615,\N
tt32364470,nm14214887,\N
tt32386450,nm5447480;nm13159778,nm13159778;nm16150047;nm13156979
tt32439503,nm16169950,nm13444677
tt3245986,nm0052897,nm0451751
tt32462777,nm8299992,nm8299992
tt3249810,nm1597897,nm1757155;nm1597897
tt32525026,nm9333238,nm9333238
tt32534879,nm11983837,nm11983837
tt32552126,nm1665905,nm0252776;nm8944222
tt3257072,nm3640095,nm4728872;nm3640095
tt32619284,nm13174603,nm13174603
tt32636374,\N,nm0834365
tt32638930,nm13033498;nm16272517,\N
tt32657611,nm1781407,\N
tt32793394,\N,nm16077411
tt32857098,nm3761311,nm3761311;nm6041683
tt32857644,\N,nm4223619
tt32897959,nm2193504,nm0111577;nm2193504
tt32912054,nm4011579,nm4011579
tt3293908,\N,nm2912749;nm3670452
tt33089694,nm16370432,\N
tt3311926,nm0031216,nm0031216
tt33130645,nm6046774,\N
tt33222127,nm3131705,nm3131705
tt33246826,nm2655716,nm2655716
tt33268513,nm2915063,nm2915063
tt33290198,\N,nm16469285
tt33307005,nm13923941,nm13923941
tt3332968,nm0605245,nm0406808
tt33384837,nm0542478,\N
tt33396612,nm13585246,nm6102337;nm13585246;nm10058042;nm8296813;nm4536535
tt33397286,nm13773371,nm9932684
tt33484595,nm1788012,\N
tt3348972,\N,\N
tt33501737,nm16558078,\N
tt33558791,nm10918961,nm10918961
tt33624148,nm1869126,nm16584952
tt33886437,\N,\N
tt3396080,nm3927991,nm5425554
tt3407994,nm6156632,nm6156632
tt3410834,nm0777881,nm3834300;nm0177836;nm0171651;nm4316121
tt3416664,\N,nm3545668
tt3419394,nm3375937;nm3592001,nm6169265;nm3375937;nm3592001
tt34228359,\N,nm9410376;nm2864390
tt3426066,nm6176230,\N
tt3432888,nm6183784,nm6183784
tt34383795,nm1849326,nm1479378;nm1849326
tt34388850,nm16691163,nm16691163
tt34490115,nm0453411,nm1223381;nm9348857;nm1523568;nm1523747;nm2529884
tt34515348,\N,nm15442698
tt3451578,nm6140592,nm6140592
tt3453580,nm0825398,nm4655316;nm0825398;nm3323611;nm2777558
tt34606028,nm3029226,nm16727993;nm3029226
tt3465276,nm3865373,nm3865373
tt34754296,nm4111536,\N
tt34773049,nm0403950,nm16780523;nm0629214
tt34823286,nm7119199,nm7119199;nm5254357
tt34861354,\N,\N
tt3490492,nm4144035;nm3505608,nm4144035
tt34908194,\N,\N
tt3494492,\N,nm6245704
tt34956223,nm0559187,nm16816222;nm7537545
tt35018899,\N,nm9316498
tt35050083,nm10413283,nm10413283;nm10413286
tt35077049,nm16376930;nm16847505,nm16847509;nm16376930;nm16847504
tt35081046,nm16848463,\N
tt35125868,nm0758657,nm0758657;nm12613234
tt35227408,nm16872397,nm16872397
tt3524638,nm0121210,nm0121210
tt3526162,nm5632712,nm5632712
tt3527502,nm0638913,\N
tt35290616,nm5691303,nm6588355
tt35299232,nm16889540;nm6131344,nm16889540;nm6131344
tt35303848,nm1678557,nm1678557
tt35305225,nm12912125,nm16893018
tt35376430,nm5299850,nm5299850
tt35422838,\N,nm4191755
tt3546930,nm2155567,nm2155567
tt3549216,nm5189016,nm5189016
tt35503239,nm10706301,nm10706301
tt35506450,nm0295107,nm0294355
tt35518410,nm12304481,nm14663181;nm14663180
tt3552184,nm6016741,nm6016741
tt35522895,nm1637740,nm1637740
tt35553541,nm6601335;nm13440636,nm6601335;nm13440636
tt3555848,\N,nm6312761;nm2314024
tt35587505,\N,nm4441816
tt35635316,nm0926387,\N
tt35705588,nm0099526,\N
tt3580178,nm0134382;nm6096597,nm0134382;nm6096597
tt35855067,nm0923613,\N
tt35872445,nm4193781,nm4193781
tt35890119,nm8828522,nm8828522
tt3589352,nm0033422,nm0599437
tt35933226,nm13296042,nm12044294
tt3595596,nm0313962,nm0024839
tt3596302,nm6358202;nm1463658,nm6358202;nm1463658
tt3601480,nm1224415,nm1224415
tt36056679,nm2745899,nm2745899
tt3607036,nm4390099,nm6368967;nm3951524
tt3607360,nm2572136,nm2572136
tt36110399,\N,\N
tt36271852,\N,\N
tt3633160,nm6393003,nm6393003
tt3633168,nm3085835,\N
tt36364921,nm5007716,\N
tt3638772,nm4176753,nm4176753
tt36434880,nm1253492,nm1253492
tt36470284,nm15466064,\N
tt36542428,nm17213498,nm17213498;nm17213497
tt36591568,nm2379237,nm2379237
tt36631978,\N,nm17000059
tt3663952,\N,nm1569351
tt36695572,nm2885934,nm3641250
tt3670708,nm0418764;nm0773909,nm0418764
tt3671736,nm6432599,nm6432599
tt36750194,nm0313743,nm0313743
tt36842138,nm6764867,nm6764867
tt36857113,\N,\N
tt36916983,nm9643218,nm9643218
tt36954159,nm0836356,nm0836356
tt36997435,nm0269807,nm0269807
tt37028329,\N,nm2027650;nm8016423
tt37034607,nm1135811,nm1135811
tt37057427,nm0553440,nm0553440
tt3715518,\N,nm3527272;nm2609285
tt3717196,nm6476249,nm6476249
tt3739558,nm4347441,nm4347441
tt37433954,nm2175135,\N
tt3743974,nm6509220,nm6509220
tt3744098,nm1914018,nm3328122
tt37455950,nm1479636,nm1479636
tt3747084,nm0425894,nm3062780;nm0425894
tt37517061,nm9175064,\N
tt3755324,nm0906744,nm7966141;nm0906744
tt37616735,nm0024836,\N
tt37644997,\N,\N
tt37674623,nm12250679,nm12250679
tt3772414,nm3414820,nm3414820;nm4133174;nm6538221
tt3775840,nm6542657,nm6542657
tt3776216,nm2299909,nm2299909
tt3779320,\N,nm0294580;nm4501982
tt37831531,nm3432632,nm3432632
tt3784568,nm0616313,\N
tt37876227,nm17572785,nm17572785
tt3793788,nm2034711,nm3603758;nm6558641
tt37962136,nm1978402,nm0310747;nm2590922
tt37986584,nm12717611,\N
tt38068737,nm5387127,nm5387127
tt3815424,nm0557044,nm0557044
tt3815704,nm2252757,nm1222567
tt3816352,\N,\N
tt38265117,nm5199164,nm5199164
tt38504789,nm10352050,\N
tt38516972,\N,\N
tt38518474,nm7807013,nm11897751
tt3854840,\N,nm3082496
tt3856092,nm5677196,nm6623912;nm2140444
tt3856142,nm2565323;nm6624004,nm2565323;nm6624004
tt38593367,nm17745182,\N
tt38641692,nm0330687,nm1634307;nm0330687;nm0005169
tt38716253,nm10401327,nm8751635
tt38774805,nm4236261;nm17812548;nm10211620;nm17021752,nm4236261;nm17812548;nm10211620
tt38776984,nm7087323,nm7087323
tt38787149,nm4909417,nm4909417
tt38870354,nm4261224;nm8484697,nm4261224;nm8484697
tt38907227,nm5322992,nm17013965;nm11164604;nm17870496;nm5322992
tt3892880,nm1397705,nm6392732
tt38942752,nm14893081,nm14893081
tt3894558,nm5471056,nm0216016;nm1906442
tt3906064,\N,nm0541624
tt39092575,nm1031045,nm17939304
tt39112666,nm17808817,nm17808817
tt39130951,nm17956720,nm17956720
tt3915054,nm6428249,\N
tt39169234,nm0566764,nm0566764
tt3918184,nm0613270,nm1484037;nm0613270
tt39207636,\N,nm5167823
tt39242750,nm18048066,nm18048066
tt39300469,nm1042011,\N
tt39302002,nm12966995,\N
tt39302478,nm6584201,nm6584201
tt39310285,nm18097734,nm18097732
tt39377454,nm12742995,nm11068806
tt39378618,nm9925621,nm18135576;nm9925621
tt39389870,nm11277272,\N
tt39395846,nm6229788,nm6229788
tt39510102,\N,\N
tt3952246,nm2213511,\N
tt3961904,nm6708600;nm2316015,\N
tt39638575,\N,nm5210869
tt39655938,nm4803369,\N
tt3975174,nm6719116,\N
tt39762573,nm0328370,nm0328370
tt3982854,nm3646119,nm3646119
tt39830442,nm1709898,\N
tt3985328,nm0645660,nm0645660
tt40018110,nm0538632,nm1662765;nm0948982
tt4028220,nm6762139,nm2426388;nm6762139
tt40288256,nm16390767,nm16390767
tt4029780,nm0440300,nm0440300
tt40311023,\N,nm13613807
tt4034236,nm4649849,nm4649849
tt40350946,nm15755411,\N
tt40389737,nm18274096,nm14637229
tt4046392,nm0794564,nm0255557;nm0794564
tt40522035,nm1704500,nm1704500
tt40647489,nm1862032,nm1862032
tt4077386,nm6462968,nm6409976;nm6462968;nm6409978
tt40828231,nm3948190,nm3948190
tt4086046,nm4305703,nm4305703
tt4092288,nm6808136;nm6808135,nm6808135;nm6808136
tt4104022,nm1475479,nm1475479
tt41156421,\N,nm15548934
tt4118740,nm6842467,nm1509215;nm6842471
tt41535186,nm9249801,nm9249814
tt41615889,nm7666032;nm3446495,\N
tt41973690,\N,\N
tt4207014,nm2132101,nm0075843;nm2132101;nm4284145
tt4218632,nm0781842,nm0040022;nm3979363;nm0120816;nm0256079;nm0452235
tt42222130,nm0239228,nm18461715;nm8061992;nm4851216
tt42421202,nm18477681,\N
tt42483708,nm3479065;nm18319164,nm3479065;nm18319164
tt42664199,\N,\N
tt42705316,\N,nm18508738
tt4273924,nm1901504,\N
tt4289812,nm0790180,nm0790180
tt4292420,nm2336357,nm6997291;nm2336357
tt4299302,\N,\N
tt43209729,nm9300968,nm9300968
tt4326814,nm1297226,nm6304108
tt4331290,nm3281108,nm3281108
tt43437600,nm18586059,nm8026644
tt43573625,nm18607102,nm18607101
tt43589731,nm1474292,nm1474292
tt43594313,nm0087904,nm0087904;nm11952053;nm2107622
tt43620160,nm1178560;nm0526199,nm14054241;nm4197900;nm11300811;nm12552176
tt43622180,nm18644171,nm9968665
tt43636886,\N,nm15260512
tt4366200,nm7060670,\N
tt4368388,\N,nm6861136
tt4369136,nm4918674,nm4918674
tt4381280,nm0031888;nm1947983;nm3446966;nm0619177;nm0757049,nm6931667;nm3446966;nm3030174;nm0556321;nm2362148;nm1947983;nm0031888
tt4419472,nm3151253;nm0742081,nm3151253;nm0742081
tt4424560,nm6665838,\N
tt4433060,nm0557273,nm0557273
tt4457716,nm2081164,nm2081164
tt4457798,\N,nm6938259;nm6938262;nm6934736
tt4466494,nm4451843,\N
tt4468308,nm4801657,nm4801657
tt4474924,nm1420026;nm1420027,nm1420026;nm1420027
tt4477428,\N,nm6649199
tt4529180,nm5153336,nm5153336
tt4541900,nm7207967,nm7207967
tt4570910,\N,\N
tt4587834,nm0142362,nm0142362
tt4588982,nm3598310,nm3598310;nm7684700
tt4603206,\N,nm7261566;nm1142566
tt4607708,nm0272310,\N
tt4610604,\N,\N
tt4635920,\N,nm7285875;nm7285874
tt4641882,nm0666548;nm0705462;nm0903629;nm0950775,nm0568825
tt4662730,nm1457822,nm3149189
tt4665926,nm4336205,\N
tt4683448,\N,\N
tt4737564,nm2132962,\N
tt4745762,nm3302666,nm3302666
tt4761870,nm3848341,nm7309640;nm3848341;nm6449505;nm7467896
tt4777534,nm7395684,nm7395684
tt4788320,nm0374616;nm5189090,nm0374616;nm5189090
tt4791252,nm1045138,nm1045138
tt4800408,nm0521052,nm0521052
tt4816366,nm3761418,nm3761418
tt4817832,nm0531854,nm0531854
tt4830834,nm0048478,nm0048478;nm0167424;nm0517786
tt4837126,nm1070766,nm0174322;nm1070766;nm5700979;nm8121086
tt4847546,nm3231736,nm7391999;nm3231736
tt4850638,nm2569672,\N
tt4862468,nm0311508,nm0311508
tt4866392,nm2583852,nm7462856;nm2583852
tt4873338,nm7467282,nm7467282
tt4884046,\N,nm7050779;nm3686447
tt4958742,nm7534049,nm7534049
tt4965254,nm6284412,nm3611015;nm1753355;nm6284412
tt4981904,nm7554570;nm7334874,nm7554570;nm7334874;nm7554575
tt4981940,nm1994478,\N
tt5029776,nm0902741,nm2849275;nm3702804;nm8690450;nm8690449
tt5069058,nm8166471,nm9341288;nm8166471;nm8166371;nm8166480
tt5072466,nm0773936,nm0773936
tt5097638,nm6915318;nm5328148,\N
tt5116378,nm0063769,nm2873116;nm1406764;nm3145247;nm6263575
tt5120944,nm1595279,nm0746889
tt5146068,nm2777808,nm2777808;nm5142579
tt5166224,nm1792936,nm1792936;nm2182980;nm6475840
tt5175822,nm4182891,nm4182891
tt5219622,\N,\N
tt5223126,nm1656703,\N
tt5224814,\N,nm0798210
tt5270732,nm5699358,nm5123907
tt5287920,nm0353687;nm0706173,nm0353687;nm7804580;nm0706173
tt5306690,\N,nm2947596
tt5334984,nm1654392,nm1654392;nm3285630;nm11192945;nm1668971
tt5352034,nm5249883,nm5249883;nm2985311
tt5455498,nm2159728,nm2159728;nm4242528
tt5464144,nm7183949,\N
tt5497236,\N,\N
tt5527536,nm1380213,nm1380213
tt5547576,nm0347728,nm0960106
tt5586480,nm0347890,nm0836803
tt5592108,\N,nm6625085
tt5597246,nm1764862,\N
tt5609524,nm8049400;nm8049401,\N
tt5611320,\N,nm2566466;nm3429346
tt5619968,nm4712164,\N
tt5645172,nm1804461,nm1804461
tt5666450,nm2076640,\N
tt5701120,nm0045574,nm5739676
tt5729538,nm8150275,\N
tt5776398,nm8188547,nm8188547
tt5783112,nm2012736,nm8194670
tt5799362,nm0323885,nm0141843;nm2323207;nm0323885
tt5812528,nm8220815;nm8220816,nm8220815;nm8220816
tt5857628,nm2611815,nm0233561;nm2611815;nm4284682
tt5861520,nm3421060,nm4934788
tt5886526,nm0383255,\N
tt5903082,nm0693836,nm5230536
tt5906778,\N,nm4770923
tt5907820,\N,nm2466484
tt5910248,nm1995403,nm1995403
tt5941022,nm3990563,\N
tt5955162,nm7957193,nm7957193
tt5970588,nm8365620,\N
tt5975082,\N,nm4917488
tt5985902,nm2795950,nm4065189
tt6006666,nm7514707,\N
tt6018536,nm3869736,nm3869736
tt6044908,nm0945487,nm5023114
tt6055754,nm4777579;nm3762244,nm4777579;nm3762244
tt6082562,nm0945487,\N
tt6089642,nm0526199;nm2450027,nm2450027;nm8451111;nm0526199
tt6097252,nm8469354,\N
tt6110470,nm3690640,\N
tt6146716,nm1522422,nm1181573
tt6222646,nm6993801,nm6993801;nm4073016;nm5942695
tt6259946,nm5748746,nm3504356
tt6269308,nm1392571,nm1392571
tt6281004,nm5413676,nm5413676
tt6284474,nm5736200,nm15062028;nm5736200
tt6325480,\N,nm1903911
tt6374254,nm0357628,\N
tt6387506,nm0922580,nm1051343;nm0922580
tt6430360,nm2133235,nm2133235
tt6439720,nm1164861,nm1061622
tt6448598,\N,\N
tt6449604,\N,\N
tt6449830,nm4305085,\N
tt6451318,\N,\N
tt6513042,nm0595880,\N
tt6533312,nm8781407,\N
tt6543510,nm0192845,nm0192845
tt6551244,nm1417315,nm1417315
tt6567380,nm8803686,nm8803686
tt6593532,nm7700852,nm0119534
tt6602928,nm3346049,nm3346049
tt6748958,nm8028152,nm8028152;nm8381555
tt6750446,nm1011887,nm1011887
tt6769964,nm7774577,nm8917740
tt6779742,\N,\N
tt6790422,nm2377580,\N
tt6857956,nm0361735,nm2627977;nm0361735
tt6885296,nm2351653,nm2351653;nm5274663;nm2681451
tt6891412,\N,nm0008743;nm0074184;nm7704394
tt6913400,nm4423980,nm4547685;nm4423980
tt6915088,nm3808948,\N
tt6953792,nm5444941;nm4091190,nm5444941;nm4091190
tt6967702,nm1336296,nm4887430;nm1145230
tt6974426,nm8522504,nm8522504;nm8522404
tt7027678,nm9071404,\N
tt7038700,nm2930119,nm2930119;nm3602602
tt7124242,\N,\N
tt7128054,nm2378239,\N
tt7131480,nm8814070,nm8814070
tt7135000,nm0351531,nm0351531
tt7201518,nm8452324,nm8452324
tt7218578,nm7383859,nm9179357;nm9179358
tt7220728,\N,nm8457491
tt7240014,nm9193015;nm9193014,nm9193015
tt7257954,nm7035837,nm9205028;nm9289859
tt7261280,nm6492179,nm6492179
tt7410810,nm0686026,nm0686026
tt7479170,nm9328688,nm9328688
tt7490200,\N,nm2376614;nm2711169;nm2377660
tt7491724,nm1655195;nm3313082,nm1655195;nm3313082
tt7504214,nm9340123,nm3959927;nm8743973
tt7510166,nm3609772,nm6276111;nm3390651
tt7520922,\N,\N
tt7530460,\N,nm6672804
tt7575082,nm9382749,nm14129262;nm7681879
tt7596874,nm0798517,nm9609698
tt7601594,nm7909553,nm7909554;nm7909553
tt7641040,nm1390885,\N
tt7643116,nm0315497,nm0315497
tt7665644,nm9440344;nm8684504,nm9440353
tt7699376,nm2133225,nm2133225
tt7743448,\N,\N
tt7745984,nm10230377;nm9485067,nm9485067
tt7758822,nm3364459,nm3364459
tt7759626,nm1396561,nm17761178;nm3221887;nm17761176;nm17761177
tt7770200,nm9499531,nm3933090
tt7802124,nm7315853,nm9516368;nm7315853
tt7810328,nm9520896;nm9520895,nm7552633
tt7826026,nm9529056,nm9529056
tt7844606,nm7972032,\N
tt7858228,nm7665975;nm3889492,\N
tt7874330,nm9555266;nm5684677,nm5684677;nm9555266
tt7967600,nm4343353,nm4343353
tt7984890,nm0953124,nm0489626
tt8005682,nm0497207,nm9628543;nm0497207
tt8041332,nm0593617,nm0593617
tt8067252,nm2759512,\N
tt8109282,nm1319217,nm1319217;nm0892039
tt8165260,nm2239085,nm2239085
tt8193790,nm1189197,nm1189197
tt8216718,nm6722235,\N
tt8228538,nm2899940,nm2899940
tt8268466,nm0089470,\N
tt8302626,nm9783621,nm9783623
tt8334558,nm5225596;nm4587976;nm1921878;nm6414738;nm4084024;nm9799426;nm2003609,\N
tt8347468,\N,nm9089111
tt8384954,nm1162241,nm1162241
tt8389410,nm4912435,\N
tt8391432,nm9827345,nm0742913
tt8408364,nm6789444,nm4297277;nm6789444
tt8447014,nm4277757,nm4277757
tt8477050,\N,nm1699799;nm7009308;nm6269395
tt8482096,nm1073455,nm0534848
tt8487990,nm2908071,\N
tt8493938,\N,\N
tt8521456,\N,nm7124870
tt8531794,nm9896113,nm9896113
tt8548902,\N,nm5934158;nm0566699
tt8613046,\N,nm9701276
tt8635054,nm3809735,nm0765685
tt8665738,nm9873899,nm9873899
tt8667566,\N,nm3181303
tt8689450,nm3149740,nm2746203;nm7700434
tt8707138,nm9975496,\N
tt8791586,nm6977982,\N
tt8806770,nm10016537,nm10031952
tt8815382,nm0503669,nm10035624
tt8819486,\N,\N
tt8890550,nm10070555;nm12851097,\N
tt8897072,nm1523366,\N
tt8918864,nm10084111,nm7034469
tt8927772,nm0411690,\N
tt8954344,\N,\N
tt8980110,nm10101903,nm10112844;nm10101903
tt9028124,nm0453778,\N
tt9046062,nm0958422,nm1093036;nm0332405;nm0370474
tt9057096,nm10155518,nm10155519
tt9061604,nm5101192,nm10158217
tt9097740,nm2912984,\N
tt9115550,nm2511290,\N
tt9121950,nm3417653,nm3417653
tt9129686,nm3679527,nm3324426;nm3679527;nm6798142
tt9145968,nm2768610,nm2768610
tt9154164,nm10202539,\N
tt9213874,nm2078193,nm2078193
tt9223212,nm5394209,nm5394209
tt9250530,nm0840616,\N
tt9273694,nm0613600,nm17712736;nm2383416;nm2365522;nm2373553
tt9286924,nm6477264,nm9814253
tt9319884,nm10493873;nm0890060,nm10493876;nm0890060
tt9364624,nm11339892,nm11339892
tt9365800,nm0505642,nm3300871;nm0505642
tt9385434,nm4940051,nm4940051
tt9403508,nm0353673;nm1830532,\N
tt9415848,nm3465216,\N
tt9419948,nm10318280,nm10318280
tt9429444,nm10322350,nm10322350;nm10680118
tt9430206,nm1621367,nm10323295;nm1621367
tt9438194,nm2203415,\N
tt9554760,nm8621020,nm8621020;nm10200060
tt9569006,nm0568334,nm0313587
tt9580550,\N,nm0211823
tt9626568,nm0457543,\N
tt9649770,nm9373173,\N
tt9743020,nm1504063,\N
tt9766862,nm4911970,nm10419117;nm4911970
tt9799044,nm8593411,nm8593411
tt9813978,nm0452103,\N
tt9846718,\N,nm10506965
tt9865470,nm0462051,\N
tt9878242,nm4138638,nm4138638
tt9892934,\N,nm6834275
tt9903802,nm1355731,\N
