tconst,watchmode_title,watchmode_directors,watchmode_writers
tt0003442,\N,\N,\N
tt0003749,\N,\N,\N
tt0005626,\N,\N,\N
tt0005921,\N,\N,\N
tt0007102,\N,\N,\N
tt0007430,\N,\N,\N
tt0008502,\N,\N,\N
tt0008855,\N,\N,\N
tt0009540,\N,\N,\N
tt0010317,\N,\N,\N
tt0011436,\N,\N,\N
tt0012177,\N,\N,\N
tt0012403,\N,\N,\N
tt0013030,\N,\N,\N
tt0014059,\N,\N,\N
tt0014852,\N,\N,\N
tt0015647,\N,\N,\N
tt0015793,\N,\N,\N
tt0016551,\N,\N,\N
tt0017500,\N,\N,\N
tt0017743,\N,\N,\N
tt0017829,\N,\N,\N
tt0018336,\N,\N,\N
tt0018953,\N,\N,\N
tt0020514,\N,\N,\N
tt0020803,\N,\N,\N
tt0021404,\N,\N,\N
tt0021483,\N,\N,\N
tt0022101,\N,\N,\N
tt0024950,\N,\N,\N
tt0024952,\N,\N,\N
tt0025512,\N,\N,\N
tt0026542,\N,\N,\N
tt0026546,\N,\N,\N
tt0027060,\N,\N,\N
tt0027535,\N,\N,\N
tt0028220,\N,\N,\N
tt0029085,\N,\N,\N
tt0029141,\N,\N,\N
tt0029328,\N,\N,\N
tt0030981,\N,\N,\N
tt0031655,\N,\N,\N
tt0031703,\N,\N,\N
tt0032793,\N,\N,\N
tt0033156,\N,\N,\N
tt0033880,\N,\N,\N
tt0034417,\N,\N,\N
tt0034497,\N,\N,\N
tt0034876,\N,\N,\N
tt0034887,\N,\N,\N
tt0035028,\N,\N,\N
tt0035220,\N,\N,\N
tt0037856,\N,\N,\N
tt0038428,\N,\N,\N
tt0038504,\N,\N,\N
tt0038582,\N,\N,\N
tt0038878,\N,\N,\N
tt0039068,\N,\N,\N
tt0040489,\N,\N,\N
tt0041332,\N,\N,\N
tt0042566,\N,\N,\N
tt0044122,\N,\N,\N
tt0045619,\N,\N,\N
tt0045809,\N,\N,\N
tt0046237,\N,\N,\N
tt0046718,\N,\N,\N
tt0047027,\N,\N,\N
tt0048283,\N,\N,\N
tt0049108,\N,\N,\N
tt0049784,\N,\N,\N
tt0050910,\N,\N,\N
tt0053337,\N,\N,\N
tt0054285,\N,\N,\N
tt0055613,\N,\N,\N
tt0056289,\N,\N,\N
tt0056468,\N,\N,\N
tt0056935,\N,\N,\N
tt0057076,\N,\N,\N
tt0057189,\N,\N,\N
tt0059036,\N,\N,\N
tt0059043,\N,\N,\N
tt0059482,\N,\N,\N
tt0059551,\N,\N,\N
tt0061180,\N,\N,\N
tt0061437,\N,\N,\N
tt0061441,\N,\N,\N
tt0061828,\N,\N,\N
tt0061877,\N,\N,\N
tt0062231,\N,\N,\N
tt0062863,\N,\N,\N
tt0063142,\N,\N,\N
tt0063190,\N,\N,\N
tt0063556,\N,\N,\N
tt0063760,\N,\N,\N
tt0064119,\N,\N,\N
tt0064208,\N,\N,\N
tt0064243,\N,\N,\N
tt0064667,\N,\N,\N
tt0066470,\N,\N,\N
tt0067493,\N,\N,\N
tt0067695,\N,\N,\N
tt0069147,\N,\N,\N
tt0069224,\N,\N,\N
tt0069702,\N,\N,\N
tt0070049,\N,\N,\N
tt0070124,\N,\N,\N
tt0071273,\N,\N,\N
tt0071974,\N,\N,\N
tt0072087,\N,\N,\N
tt0072284,\N,\N,\N
tt0072640,\N,\N,\N
tt0072978,\N,\N,\N
tt0074389,\N,\N,\N
tt0075707,\N,\N,\N
tt0075773,\N,\N,\N
tt0075985,\N,\N,\N
tt0077373,\N,\N,\N
tt0079712,\N,\N,\N
tt0080609,\N,\N,\N
tt0082530,\N,\N,\N
tt0083001,\N,\N,\N
tt0083853,\N,\N,\N
tt0084547,\N,\N,\N
tt0084857,\N,\N,\N
tt0085234,\N,\N,\N
tt0085527,\N,\N,\N
tt0085922,\N,\N,\N
tt0086218,\N,\N,\N
tt0086550,\N,\N,\N
tt0086962,\N,\N,\N
tt0088344,\N,\N,\N
tt0089103,\N,\N,\N
tt0089467,\N,\N,\N
tt0089945,\N,\N,\N
tt0090022,\N,\N,\N
tt0090832,\N,\N,\N
tt0091545,\N,\N,\N
tt0091707,\N,\N,\N
tt0093018,\N,\N,\N
tt0093714,\N,\N,\N
tt0094121,\N,\N,\N
tt0094379,\N,\N,\N
tt0096132,\N,\N,\N
tt0096224,\N,\N,\N
tt0096346,\N,\N,\N
tt0096951,\N,\N,\N
tt0097135,\N,\N,\N
tt0097395,\N,\N,\N
tt0099098,\N,\N,\N
tt0100198,\N,\N,\N
tt0100705,\N,\N,\N
tt0100922,\N,\N,\N
tt0101295,\N,\N,\N
tt0102790,\N,\N,\N
tt0103800,\N,\N,\N
tt0105393,\N,\N,\N
tt0106204,\N,\N,\N
tt0107214,\N,\N,\N
tt0107374,\N,\N,\N
tt0107398,\N,\N,\N
tt0108113,\N,\N,\N
tt0108304,\N,\N,\N
tt0109734,\N,\N,\N
tt0110773,\N,\N,\N
tt0110839,\N,\N,\N
tt0111580,\N,\N,\N
tt0113471,\N,\N,\N
tt0113701,\N,\N,\N
tt0114618,\N,\N,\N
tt0118756,\N,\N,\N
tt0119422,\N,\N,\N
tt0120537,\N,\N,\N
tt0121158,\N,\N,\N
tt0124294,\N,\N,\N
tt0125373,\N,\N,\N
tt0127586,\N,\N,\N
tt0128355,\N,\N,\N
tt0129192,\N,\N,\N
tt0131588,\N,\N,\N
tt0132351,\N,\N,\N
tt0138835,\N,\N,\N
tt0140275,\N,\N,\N
tt0141656,\N,\N,\N
tt0143234,\N,\N,\N
tt0146020,\N,\N,\N
tt0151119,\N,\N,\N
tt0153074,\N,\N,\N
tt0154529,\N,\N,\N
tt0155221,\N,\N,\N
tt0155608,\N,\N,\N
tt0155986,\N,\N,\N
tt0156481,\N,\N,\N
tt0156541,\N,\N,\N
tt0158605,\N,\N,\N
tt0158671,\N,\N,\N
tt0158786,\N,\N,\N
tt0160683,\N,\N,\N
tt0160698,\N,\N,\N
tt0163541,\N,\N,\N
tt0164555,\N,\N,\N
tt0165817,\N,\N,\N
tt0168146,\N,\N,\N
tt0168922,\N,\N,\N
tt0170277,\N,\N,\N
tt0170372,\N,\N,\N
tt0172524,\N,\N,\N
tt0172850,\N,\N,\N
tt0173027,\N,\N,\N
tt0173676,\N,\N,\N
tt0173966,\N,\N,\N
tt0175149,\N,\N,\N
tt0175890,\N,\N,\N
tt0177152,\N,\N,\N
tt0178867,\N,\N,\N
tt0180047,\N,\N,\N
tt0180316,\N,\N,\N
tt0180748,\N,\N,\N
tt0181641,\N,\N,\N
tt0182358,\N,\N,\N
tt0182793,\N,\N,\N
tt0183306,\N,\N,\N
tt0184537,\N,\N,\N
tt0185439,\N,\N,\N
tt0185852,\N,\N,\N
tt0187583,\N,\N,\N
tt0187591,\N,\N,\N
tt0187708,\N,\N,\N
tt0187712,\N,\N,\N
tt0189091,\N,\N,\N
tt0189429,\N,\N,\N
tt0189896,\N,\N,\N
tt0191437,\N,\N,\N
tt0192086,\N,\N,\N
tt0192612,\N,\N,\N
tt0194557,\N,\N,\N
tt0196155,\N,\N,\N
tt0196220,\N,\N,\N
tt0196793,\N,\N,\N
tt0197047,\N,\N,\N
tt0197121,\N,\N,\N
tt0197661,\N,\N,\N
tt0197811,\N,\N,\N
tt0199517,\N,\N,\N
tt0201600,\N,\N,\N
tt0202101,\N,\N,\N
tt0202130,\N,\N,\N
tt0202670,\N,\N,\N
tt0203677,\N,\N,\N
tt0205061,\N,\N,\N
tt0205593,\N,\N,\N
tt0206380,\N,\N,\N
tt0206755,\N,\N,\N
tt0207495,\N,\N,\N
tt0208879,\N,\N,\N
tt0210259,\N,\N,\N
tt0212014,\N,\N,\N
tt0214984,\N,\N,\N
tt0215039,\N,\N,\N
tt0215719,\N,\N,\N
tt0215987,\N,\N,\N
tt0217460,\N,\N,\N
tt0219038,\N,\N,\N
tt0219646,\N,\N,\N
tt0219785,\N,\N,\N
tt0219856,\N,\N,\N
tt0224426,\N,\N,\N
tt0225915,\N,\N,\N
tt0226752,\N,\N,\N
tt0226993,\N,\N,\N
tt0230174,\N,\N,\N
tt0230406,\N,\N,\N
tt0230788,\N,\N,\N
tt0234669,\N,\N,\N
tt0234732,\N,\N,\N
tt0234772,\N,\N,\N
tt0236952,\N,\N,\N
tt0237463,\N,\N,\N
tt0237475,\N,\N,\N
tt0237923,\N,\N,\N
tt0239501,\N,\N,\N
tt0239963,\N,\N,\N
tt0240464,\N,\N,\N
tt0242503,\N,\N,\N
tt0242893,\N,\N,\N
tt0244147,\N,\N,\N
tt0244416,\N,\N,\N
tt0245027,\N,\N,\N
tt0245852,\N,\N,\N
tt0247495,\N,\N,\N
tt0249108,\N,\N,\N
tt0249420,\N,\N,\N
tt0249845,\N,\N,\N
tt0251649,\N,\N,\N
tt0252202,\N,\N,\N
tt0252882,\N,\N,\N
tt0253143,\N,\N,\N
tt0253873,\N,\N,\N
tt0254099,\N,\N,\N
tt0255204,\N,\N,\N
tt0255583,\N,\N,\N
tt0255641,\N,\N,\N
tt0256164,\N,\N,\N
tt0257459,\N,\N,\N
tt0258227,\N,\N,\N
tt0258251,\N,\N,\N
tt0259496,\N,\N,\N
tt0261552,\N,\N,\N
tt0263099,\N,\N,\N
tt0265542,\N,\N,\N
tt0265586,\N,\N,\N
tt0266711,\N,\N,\N
tt0267274,\N,\N,\N
tt0267951,\N,\N,\N
tt0269883,\N,\N,\N
tt0269986,\N,\N,\N
tt0271597,\N,\N,\N
tt0272321,\N,\N,\N
tt0276295,\N,\N,\N
tt0279866,\N,\N,\N
tt0279903,\N,\N,\N
tt0281160,\N,\N,\N
tt0281200,\N,\N,\N
tt0283027,\N,\N,\N
tt0287449,\N,\N,\N
tt0287540,\N,\N,\N
tt0288863,\N,\N,\N
tt0291888,\N,\N,\N
tt0295428,\N,\N,\N
tt0298210,\N,\N,\N
tt0301348,\N,\N,\N
tt0302801,\N,\N,\N
tt0304901,\N,\N,\N
tt0304981,\N,\N,\N
tt0306079,\N,\N,\N
tt0307297,\N,\N,\N
tt0308503,\N,\N,\N
tt0311360,\N,\N,\N
tt0311790,\N,\N,\N
tt0312957,\N,\N,\N
tt0313962,\N,\N,\N
tt0314513,\N,\N,\N
tt0316158,\N,\N,\N
tt0318792,\N,\N,\N
tt0322098,\N,\N,\N
tt0322922,\N,\N,\N
tt0323153,\N,\N,\N
tt0323998,\N,\N,\N
tt0325852,\N,\N,\N
tt0330028,\N,\N,\N
tt0333827,\N,\N,\N
tt0338312,\N,\N,\N
tt0345495,\N,\N,\N
tt0345527,\N,\N,\N
tt0347083,\N,\N,\N
tt0348476,\N,\N,\N
tt0349890,\N,\N,\N
tt0350671,\N,\N,\N
tt0351155,\N,\N,\N
tt0353010,\N,\N,\N
tt0353837,\N,\N,\N
tt0353922,\N,\N,\N
tt0354950,\N,\N,\N
tt0355586,\N,\N,\N
tt0358754,\N,\N,\N
tt0365422,\N,\N,\N
tt0365663,\N,\N,\N
tt0365907,\N,\N,\N
tt0366295,\N,\N,\N
tt0367450,\N,\N,\N
tt0367794,\N,\N,\N
tt0370469,\N,\N,\N
tt0371950,\N,\N,\N
tt0373996,\N,\N,\N
tt0374890,\N,\N,\N
tt0377458,\N,\N,\N
tt0378993,\N,\N,\N
tt0379168,\N,\N,\N
tt0379272,\N,\N,\N
tt0380697,\N,\N,\N
tt0384369,\N,\N,\N
tt0385541,\N,\N,\N
tt0387666,\N,\N,\N
tt0389801,\N,\N,\N
tt0391936,\N,\N,\N
tt0392493,\N,\N,\N
tt0392716,\N,\N,\N
tt0393360,\N,\N,\N
tt0393790,\N,\N,\N
tt0397526,\N,\N,\N
tt0398721,\N,\N,\N
tt0398727,\N,\N,\N
tt0402763,\N,\N,\N
tt0407914,\N,\N,\N
tt0409505,\N,\N,\N
tt0410540,\N,\N,\N
tt0412863,\N,\N,\N
tt0414939,\N,\N,\N
tt0418018,\N,\N,\N
tt0418342,\N,\N,\N
tt0418686,\N,\N,\N
tt0419221,\N,\N,\N
tt0420120,\N,\N,\N
tt0422313,\N,\N,\N
tt0422396,\N,\N,\N
tt0424861,\N,\N,\N
tt0425583,\N,\N,\N
tt0427412,\N,\N,\N
tt0428304,\N,\N,\N
tt0431645,\N,\N,\N
tt0432692,\N,\N,\N
tt0434164,\N,\N,\N
tt0434997,\N,\N,\N
tt0436689,\N,\N,\N
tt0437876,\N,\N,\N
tt0443207,\N,\N,\N
tt0448826,\N,\N,\N
tt0451741,\N,\N,\N
tt0452319,\N,\N,\N
tt0453040,\N,\N,\N
tt0455870,\N,\N,\N
tt0456591,\N,\N,\N
tt0459880,\N,\N,\N
tt0471251,\N,\N,\N
tt0471357,\N,\N,\N
tt0473647,\N,\N,\N
tt0478370,\N,\N,\N
tt0480106,\N,\N,\N
tt0480163,\N,\N,\N
tt0482006,\N,\N,\N
tt0483614,\N,\N,\N
tt0488186,\N,\N,\N
tt0488762,\N,\N,\N
tt0491534,\N,\N,\N
tt0494726,\N,\N,\N
tt0495031,\N,\N,\N
tt0762091,\N,\N,\N
tt0775434,\N,\N,\N
tt0779719,\N,\N,\N
tt0779739,\N,\N,\N
tt0780073,\N,\N,\N
tt0780130,\N,\N,\N
tt0787126,\N,\N,\N
tt0788214,\N,\N,\N
tt0791202,\N,\N,\N
tt0823548,\N,\N,\N
tt0824279,\N,\N,\N
tt0829421,\N,\N,\N
tt0831341,\N,\N,\N
tt0842623,\N,\N,\N
tt0843592,\N,\N,\N
tt0869112,\N,\N,\N
tt0873600,\N,\N,\N
tt0891303,\N,\N,\N
tt0899255,\N,\N,\N
tt0912592,\N,\N,\N
tt0923621,\N,\N,\N
tt0925241,\N,\N,\N
tt0934442,\N,\N,\N
tt0943475,\N,\N,\N
tt0958092,\N,\N,\N
tt0959556,\N,\N,\N
tt0961109,\N,\N,\N
tt0962579,\N,\N,\N
tt0989833,\N,\N,\N
tt10064134,\N,\N,\N
tt10160304,\N,\N,\N
tt1016156,\N,\N,\N
tt10170880,\N,\N,\N
tt1019940,\N,\N,\N
tt1020028,\N,\N,\N
tt1020529,\N,\N,\N
tt10232096,\N,\N,\N
tt10264340,\N,\N,\N
tt10269680,\N,\N,\N
tt10337580,\N,\N,\N
tt10356580,\N,\N,\N
tt10359378,\N,\N,\N
tt10368934,\N,\N,\N
tt10399650,\N,\N,\N
tt1042552,\N,\N,\N
tt10486854,\N,\N,\N
tt1049413,\N,\N,\N
tt10510962,\N,\N,\N
tt10515214,\N,\N,\N
tt10531134,\N,\N,\N
tt1053226,\N,\N,\N
tt10542462,\N,\N,\N
tt10560338,\N,\N,\N
tt1062939,\N,\N,\N
tt10640730,\N,\N,\N
tt10676030,\N,\N,\N
tt10719020,\N,\N,\N
tt10721318,\N,\N,\N
tt1072754,\N,\N,\N
tt10764416,\N,\N,\N
tt10772992,\N,\N,\N
tt10837952,\N,\N,\N
tt10837980,\N,\N,\N
tt10844962,\N,\N,\N
tt10872590,\N,\N,\N
tt10873470,\N,\N,\N
tt1087631,\N,\N,\N
tt10879516,\N,\N,\N
tt10919042,\N,\N,\N
tt1092601,\N,\N,\N
tt1093373,\N,\N,\N
tt11024462,\N,\N,\N
tt11027294,\N,\N,\N
tt11033506,\N,\N,\N
tt11055048,\N,\N,\N
tt11057944,\N,\N,\N
tt11059108,\N,\N,\N
tt11068940,\N,\N,\N
tt11073954,\N,\N,\N
tt1110636,\N,\N,\N
tt11136244,\N,\N,\N
tt11161142,\N,\N,\N
tt1117380,\N,\N,\N
tt1117390,\N,\N,\N
tt11178402,\N,\N,\N
tt1119196,\N,\N,\N
tt11287096,\N,\N,\N
tt1130727,\N,\N,\N
tt11394308,\N,\N,\N
tt11394650,\N,\N,\N
tt11399972,\N,\N,\N
tt11436282,\N,\N,\N
tt11438326,\N,\N,\N
tt11481082,\N,\N,\N
tt11496596,\N,\N,\N
tt1152830,\N,\N,\N
tt1153700,\N,\N,\N
tt11547982,\N,\N,\N
tt11575054,\N,\N,\N
tt11578464,\N,\N,\N
tt11579124,\N,\N,\N
tt1160982,\N,\N,\N
tt1161058,\N,\N,\N
tt11633108,\N,\N,\N
tt11638970,\N,\N,\N
tt1165342,\N,\N,\N
tt11655972,\N,\N,\N
tt11675386,\N,\N,\N
tt11693666,\N,\N,\N
tt11698818,\N,\N,\N
tt1172179,\N,\N,\N
tt1173752,\N,\N,\N
tt11766766,\N,\N,\N
tt11778366,\N,\N,\N
tt11779626,\N,\N,\N
tt11807082,\N,\N,\N
tt11839386,\N,\N,\N
tt11845074,\N,\N,\N
tt1185262,\N,\N,\N
tt11924458,\N,\N,\N
tt1196585,\N,\N,\N
tt12035696,\N,\N,\N
tt12056434,\N,\N,\N
tt12063464,\N,\N,\N
tt1206906,\N,\N,\N
tt13070836,\N,\N,\N
tt1308729,\N,\N,\N
tt1313088,\N,\N,\N
tt13154856,\N,\N,\N
tt13162190,\N,\N,\N
tt13173102,\N,\N,\N
tt13219586,\N,\N,\N
tt1322916,\N,\N,\N
tt13333998,\N,\N,\N
tt13368980,\N,\N,\N
tt13376436,\N,\N,\N
tt13381608,\N,\N,\N
tt1340727,\N,\N,\N
tt13435818,\N,\N,\N
tt1344031,\N,\N,\N
tt13455606,\N,\N,\N
tt13491872,\N,\N,\N
tt13519428,\N,\N,\N
tt13528680,\N,\N,\N
tt13552934,\N,\N,\N
tt1356791,\N,\N,\N
tt1359029,\N,\N,\N
tt1360117,\N,\N,\N
tt13621822,\N,\N,\N
tt1364288,\N,\N,\N
tt13648700,\N,\N,\N
tt13739490,\N,\N,\N
tt13739728,\N,\N,\N
tt13765104,\N,\N,\N
tt13826304,\N,\N,\N
tt13848412,\N,\N,\N
tt1385948,\N,\N,\N
tt1391084,\N,\N,\N
tt13939198,\N,\N,\N
tt13966434,\N,\N,\N
tt1398949,\N,\N,\N
tt14008186,\N,\N,\N
tt14041918,\N,\N,\N
tt14063960,\N,\N,\N
tt14088496,\N,\N,\N
tt14097180,\N,\N,\N
tt14116202,\N,\N,\N
tt1411965,\N,\N,\N
tt14251776,\N,\N,\N
tt14336310,\N,\N,\N
tt14338600,\N,\N,\N
tt14338682,\N,\N,\N
tt14345418,\N,\N,\N
tt14350812,\N,\N,\N
tt1435572,\N,\N,\N
tt1442568,\N,\N,\N
tt14445112,\N,\N,\N
tt14462284,\N,\N,\N
tt1447499,\N,\N,\N
tt1451635,\N,\N,\N
tt1454520,\N,\N,\N
tt14558662,\N,\N,\N
tt14591312,\N,\N,\N
tt1459234,\N,\N,\N
tt14598734,\N,\N,\N
tt1460643,\N,\N,\N
tt1467326,\N,\N,\N
tt14687306,\N,\N,\N
tt1471248,\N,\N,\N
tt1473001,\N,\N,\N
tt14730898,\N,\N,\N
tt14776720,\N,\N,\N
tt14803538,\N,\N,\N
tt14922354,\N,\N,\N
tt15016412,\N,\N,\N
tt15041474,\N,\N,\N
tt1504382,\N,\N,\N
tt15048024,\N,\N,\N
tt15058340,\N,\N,\N
tt1506965,\N,\N,\N
tt15114108,\N,\N,\N
tt15121860,\N,\N,\N
tt15126710,\N,\N,\N
tt15131266,\N,\N,\N
tt15140266,\N,\N,\N
tt1514048,\N,\N,\N
tt15185988,\N,\N,\N
tt15220122,\N,\N,\N
tt1522309,\N,\N,\N
tt1530545,\N,\N,\N
tt15328122,\N,\N,\N
tt1547919,\N,\N,\N
tt1552750,\N,\N,\N
tt15541502,\N,\N,\N
tt15551988,\N,\N,\N
tt15613488,\N,\N,\N
tt1561457,\N,\N,\N
tt15622856,\N,\N,\N
tt15685582,\N,\N,\N
tt15716328,\N,\N,\N
tt15723074,\N,\N,\N
tt15723990,\N,\N,\N
tt15743130,\N,\N,\N
tt15744346,\N,\N,\N
tt15761332,\N,\N,\N
tt15777864,\N,\N,\N
tt15779058,\N,\N,\N
tt15779976,\N,\N,\N
tt15839006,\N,\N,\N
tt15847552,\N,\N,\N
tt15847878,\N,\N,\N
tt15847956,\N,\N,\N
tt15891062,\N,\N,\N
tt1590297,\N,\N,\N
tt1595655,\N,\N,\N
tt1601453,\N,\N,\N
tt16058374,\N,\N,\N
tt1606761,\N,\N,\N
tt16077276,\N,\N,\N
tt16124478,\N,\N,\N
tt16149794,\N,\N,\N
tt16162032,\N,\N,\N
tt1623777,\N,\N,\N
tt16245176,\N,\N,\N
tt1625155,\N,\N,\N
tt16256834,\N,\N,\N
tt16280912,\N,\N,\N
tt16288700,\N,\N,\N
tt16305606,\N,\N,\N
tt1632544,\N,\N,\N
tt1637688,\N,\N,\N
tt1639883,\N,\N,\N
tt16418448,\N,\N,\N
tt16607056,\N,\N,\N
tt16612280,\N,\N,\N
tt1672166,\N,\N,\N
tt16787020,\N,\N,\N
tt1690433,\N,\N,\N
tt17077058,\N,\N,\N
tt17081166,\N,\N,\N
tt1710551,\N,\N,\N
tt1713561,\N,\N,\N
tt1737256,\N,\N,\N
tt1753775,\N,\N,\N
tt1754166,\N,\N,\N
tt1760936,\N,\N,\N
tt1767353,\N,\N,\N
tt1796657,\N,\N,\N
tt1810711,\N,\N,\N
tt1815673,\N,\N,\N
tt18184498,\N,\N,\N
tt18225644,\N,\N,\N
tt18239308,\N,\N,\N
tt18289422,\N,\N,\N
tt1837645,\N,\N,\N
tt1838442,\N,\N,\N
tt18570468,\N,\N,\N
tt1866285,\N,\N,\N
tt1880984,\N,\N,\N
tt18937694,\N,\N,\N
tt18954468,\N,\N,\N
tt18955624,\N,\N,\N
tt1922709,\N,\N,\N
tt19371446,\N,\N,\N
tt1941680,\N,\N,\N
tt19516392,\N,\N,\N
tt1954835,\N,\N,\N
tt1974252,\N,\N,\N
tt1976549,\N,\N,\N
tt19784124,\N,\N,\N
tt19812364,\N,\N,\N
tt1981703,\N,\N,\N
tt1982838,\N,\N,\N
tt1984241,\N,\N,\N
tt19849852,\N,\N,\N
tt19856548,\N,\N,\N
tt1985981,\N,\N,\N
tt19874736,\N,\N,\N
tt1988601,\N,\N,\N
tt1998253,\N,\N,\N
tt1998399,\N,\N,\N
tt2005419,\N,\N,\N
tt2008498,\N,\N,\N
tt20112746,\N,\N,\N
tt20200426,\N,\N,\N
tt20257268,\N,\N,\N
tt2035660,\N,\N,\N
tt20423134,\N,\N,\N
tt2042608,\N,\N,\N
tt20426264,\N,\N,\N
tt2042712,\N,\N,\N
tt20453900,\N,\N,\N
tt20504968,\N,\N,\N
tt20724406,\N,\N,\N
tt2078524,\N,\N,\N
tt2080352,\N,\N,\N
tt2082518,\N,\N,\N
tt2097877,\N,\N,\N
tt2103153,\N,\N,\N
tt2106583,\N,\N,\N
tt21071746,\N,\N,\N
tt21080816,\N,\N,\N
tt2109220,\N,\N,\N
tt21153380,\N,\N,\N
tt2118772,\N,\N,\N
tt2120157,\N,\N,\N
tt21209940,\N,\N,\N
tt21231266,\N,\N,\N
tt21262736,\N,\N,\N
tt21299754,\N,\N,\N
tt21304894,\N,\N,\N
tt21375374,\N,\N,\N
tt21435816,\N,\N,\N
tt2144099,\N,\N,\N
tt21446590,\N,\N,\N
tt2165256,\N,\N,\N
tt2166422,\N,\N,\N
tt2169316,\N,\N,\N
tt21807998,\N,\N,\N
tt21816244,\N,\N,\N
tt21825708,\N,\N,\N
tt2184335,\N,\N,\N
tt21857366,\N,\N,\N
tt21907368,\N,\N,\N
tt21916590,\N,\N,\N
tt2194542,\N,\N,\N
tt2198121,\N,\N,\N
tt2199299,\N,\N,\N
tt22083184,\N,\N,\N
tt22374876,\N,\N,\N
tt2241674,\N,\N,\N
tt2243338,\N,\N,\N
tt2244696,\N,\N,\N
tt22456942,\N,\N,\N
tt22462942,\N,\N,\N
tt2254068,\N,\N,\N
tt2261261,\N,\N,\N
tt2265577,\N,\N,\N
tt22697096,\N,\N,\N
tt2282390,\N,\N,\N
tt2292607,\N,\N,\N
tt2299433,\N,\N,\N
tt2312084,\N,\N,\N
tt23214780,\N,\N,\N
tt2326668,\N,\N,\N
tt23331118,\N,\N,\N
tt2345561,\N,\N,\N
tt23468906,\N,\N,\N
tt2347154,\N,\N,\N
tt2349865,\N,\N,\N
tt2353897,\N,\N,\N
tt2355717,\N,\N,\N
tt23624478,\N,\N,\N
tt2375540,\N,\N,\N
tt2378830,\N,\N,\N
tt2379772,\N,\N,\N
tt23842212,\N,\N,\N
tt23863964,\N,\N,\N
tt23919810,\N,\N,\N
tt2398340,\N,\N,\N
tt2402163,\N,\N,\N
tt2404473,\N,\N,\N
tt24067390,\N,\N,\N
tt2409762,\N,\N,\N
tt24134016,\N,\N,\N
tt2447822,\N,\N,\N
tt24554982,\N,\N,\N
tt2474932,\N,\N,\N
tt24764580,\N,\N,\N
tt24787100,\N,\N,\N
tt2480376,\N,\N,\N
tt24855240,\N,\N,\N
tt2511728,\N,\N,\N
tt2517764,\N,\N,\N
tt25178300,\N,\N,\N
tt2522054,\N,\N,\N
tt2531084,\N,\N,\N
tt25407180,\N,\N,\N
tt25425012,\N,\N,\N
tt25435238,\N,\N,\N
tt25504248,\N,\N,\N
tt25724932,\N,\N,\N
tt2577862,\N,\N,\N
tt2579454,\N,\N,\N
tt2581390,\N,\N,\N
tt2590162,\N,\N,\N
tt25965930,\N,\N,\N
tt25967832,\N,\N,\N
tt26367475,\N,\N,\N
tt2639336,\N,\N,\N
tt26397842,\N,\N,\N
tt26421126,\N,\N,\N
tt26467978,\N,\N,\N
tt2650182,\N,\N,\N
tt26625455,\N,\N,\N
tt26687372,\N,\N,\N
tt26689494,\N,\N,\N
tt26745680,\N,\N,\N
tt2678350,\N,\N,\N
tt2700916,\N,\N,\N
tt27047221,\N,\N,\N
tt27053104,\N,\N,\N
tt27169915,\N,\N,\N
tt27170131,\N,\N,\N
tt27205497,\N,\N,\N
tt27205884,\N,\N,\N
tt2723240,\N,\N,\N
tt27302397,\N,\N,\N
tt2734860,\N,\N,\N
tt2739792,\N,\N,\N
tt27436539,\N,\N,\N
tt27494630,\N,\N,\N
tt2751110,\N,\N,\N
tt27525181,\N,\N,\N
tt27530746,\N,\N,\N
tt27532999,\N,\N,\N
tt27534354,\N,\N,\N
tt2759068,\N,\N,\N
tt27819521,\N,\N,\N
tt27823808,\N,\N,\N
tt27847950,\N,\N,\N
tt27859071,\N,\N,\N
tt27867585,\N,\N,\N
tt27996535,\N,\N,\N
tt2802108,\N,\N,\N
tt28025623,\N,\N,\N
tt2802610,\N,\N,\N
tt28144594,\N,\N,\N
tt28234820,\N,\N,\N
tt28252889,\N,\N,\N
tt28258332,\N,\N,\N
tt28275773,\N,\N,\N
tt28445113,\N,\N,\N
tt2846890,\N,\N,\N
tt28485737,\N,\N,\N
tt2848900,\N,\N,\N
tt2857720,\N,\N,\N
tt28622382,\N,\N,\N
tt28624448,\N,\N,\N
tt28642082,\N,\N,\N
tt28665035,\N,\N,\N
tt28678342,\N,\N,\N
tt28688160,\N,\N,\N
tt28695995,\N,\N,\N
tt28750562,\N,\N,\N
tt28775000,\N,\N,\N
tt28775647,\N,\N,\N
tt28941401,\N,\N,\N
tt2908928,\N,\N,\N
tt29119792,\N,\N,\N
tt29268579,\N,\N,\N
tt2935056,\N,\N,\N
tt29418745,\N,\N,\N
tt29427069,\N,\N,\N
tt29428272,\N,\N,\N
tt29548985,\N,\N,\N
tt2960600,\N,\N,\N
tt29668971,\N,\N,\N
tt29728906,\N,\N,\N
tt2982066,\N,\N,\N
tt29954344,\N,\N,\N
tt30013978,\N,\N,\N
tt30061643,\N,\N,\N
tt3012508,\N,\N,\N
tt30150297,\N,\N,\N
tt30185741,\N,\N,\N
tt30228878,\N,\N,\N
tt30235974,\N,\N,\N
tt30261269,\N,\N,\N
tt30315713,\N,\N,\N
tt30331804,\N,\N,\N
tt30460040,\N,\N,\N
tt30476206,\N,\N,\N
tt30487618,\N,\N,\N
tt3076696,\N,\N,\N
tt30781217,\N,\N,\N
tt30811257,\N,\N,\N
tt30869594,\N,\N,\N
tt30970776,\N,\N,\N
tt3101360,\N,\N,\N
tt3116676,\N,\N,\N
tt3118628,\N,\N,\N
tt31227538,\N,\N,\N
tt31250833,\N,\N,\N
tt31315981,\N,\N,\N
tt3137432,\N,\N,\N
tt31461677,\N,\N,\N
tt3146264,\N,\N,\N
tt31530596,\N,\N,\N
tt3153946,\N,\N,\N
tt3159590,\N,\N,\N
tt3162700,\N,\N,\N
tt3165210,\N,\N,\N
tt31795947,\N,\N,\N
tt31797357,\N,\N,\N
tt3181098,\N,\N,\N
tt31840715,\N,\N,\N
tt31887309,\N,\N,\N
tt31921921,\N,\N,\N
tt31947358,\N,\N,\N
tt32055882,\N,\N,\N
tt32056002,\N,\N,\N
tt3214416,\N,\N,\N
tt3218102,\N,\N,\N
tt32230042,\N,\N,\N
tt32253253,\N,\N,\N
tt3228096,\N,\N,\N
tt32306046,\N,\N,\N
tt32331122,\N,\N,\N
tt32351535,\N,\N,\N
tt32364470,\N,\N,\N
tt32386450,\N,\N,\N
tt32439503,\N,\N,\N
tt3245986,\N,\N,\N
tt32462777,\N,\N,\N
tt3249810,\N,\N,\N
tt32525026,\N,\N,\N
tt32534879,\N,\N,\N
tt32552126,\N,\N,\N
tt3257072,\N,\N,\N
tt32619284,\N,\N,\N
tt32636374,\N,\N,\N
tt32638930,\N,\N,\N
tt32657611,\N,\N,\N
tt32793394,\N,\N,\N
tt32857098,\N,\N,\N
tt32857644,\N,\N,\N
tt32897959,\N,\N,\N
tt32912054,\N,\N,\N
tt3293908,\N,\N,\N
tt33089694,\N,\N,\N
tt3311926,\N,\N,\N
tt33130645,\N,\N,\N
tt33222127,\N,\N,\N
tt33246826,\N,\N,\N
tt33268513,\N,\N,\N
tt33290198,\N,\N,\N
tt33307005,\N,\N,\N
tt3332968,\N,\N,\N
tt33384837,\N,\N,\N
tt33396612,\N,\N,\N
tt33397286,\N,\N,\N
tt33484595,\N,\N,\N
tt3348972,\N,\N,\N
tt33501737,\N,\N,\N
tt33558791,\N,\N,\N
tt33624148,\N,\N,\N
tt33886437,\N,\N,\N
tt3396080,\N,\N,\N
tt3407994,\N,\N,\N
tt3410834,\N,\N,\N
tt3416664,\N,\N,\N
tt3419394,\N,\N,\N
tt34228359,\N,\N,\N
tt3426066,\N,\N,\N
tt3432888,\N,\N,\N
tt34383795,\N,\N,\N
tt34388850,\N,\N,\N
tt34490115,\N,\N,\N
tt34515348,\N,\N,\N
tt3451578,\N,\N,\N
tt3453580,\N,\N,\N
tt34606028,\N,\N,\N
tt3465276,\N,\N,\N
tt34754296,\N,\N,\N
tt34773049,\N,\N,\N
tt34823286,\N,\N,\N
tt34861354,\N,\N,\N
tt3490492,\N,\N,\N
tt34908194,\N,\N,\N
tt3494492,\N,\N,\N
tt34956223,\N,\N,\N
tt35018899,\N,\N,\N
tt35050083,\N,\N,\N
tt35077049,\N,\N,\N
tt35081046,\N,\N,\N
tt35125868,\N,\N,\N
tt35227408,\N,\N,\N
tt3524638,\N,\N,\N
tt3526162,\N,\N,\N
tt3527502,\N,\N,\N
tt35290616,\N,\N,\N
tt35299232,\N,\N,\N
tt35303848,\N,\N,\N
tt35305225,\N,\N,\N
tt35376430,\N,\N,\N
tt35422838,\N,\N,\N
tt3546930,\N,\N,\N
tt3549216,\N,\N,\N
tt35503239,\N,\N,\N
tt35506450,\N,\N,\N
tt35518410,\N,\N,\N
tt3552184,\N,\N,\N
tt35522895,\N,\N,\N
tt35553541,\N,\N,\N
tt3555848,\N,\N,\N
tt35587505,\N,\N,\N
tt35635316,\N,\N,\N
tt35705588,\N,\N,\N
tt3580178,\N,\N,\N
tt35855067,\N,\N,\N
tt35872445,\N,\N,\N
tt35890119,\N,\N,\N
tt3589352,\N,\N,\N
tt35933226,\N,\N,\N
tt3595596,\N,\N,\N
tt3596302,\N,\N,\N
tt3601480,\N,\N,\N
tt36056679,\N,\N,\N
tt3607036,\N,\N,\N
tt3607360,\N,\N,\N
tt36110399,\N,\N,\N
tt36271852,\N,\N,\N
tt3633160,\N,\N,\N
tt3633168,\N,\N,\N
tt36364921,\N,\N,\N
tt3638772,\N,\N,\N
tt36434880,\N,\N,\N
tt36470284,\N,\N,\N
tt36542428,\N,\N,\N
tt36591568,\N,\N,\N
tt36631978,\N,\N,\N
tt3663952,\N,\N,\N
tt36695572,\N,\N,\N
tt3670708,\N,\N,\N
tt3671736,\N,\N,\N
tt36750194,\N,\N,\N
tt36842138,\N,\N,\N
tt36857113,\N,\N,\N
tt36916983,\N,\N,\N
tt36954159,\N,\N,\N
tt36997435,\N,\N,\N
tt37028329,\N,\N,\N
tt37034607,\N,\N,\N
tt37057427,\N,\N,\N
tt3715518,\N,\N,\N
tt3717196,\N,\N,\N
tt3739558,\N,\N,\N
tt37433954,\N,\N,\N
tt3743974,\N,\N,\N
tt3744098,\N,\N,\N
tt37455950,\N,\N,\N
tt3747084,\N,\N,\N
tt37517061,\N,\N,\N
tt3755324,\N,\N,\N
tt37616735,\N,\N,\N
tt37644997,\N,\N,\N
tt37674623,\N,\N,\N
tt3772414,\N,\N,\N
tt3775840,\N,\N,\N
tt3776216,\N,\N,\N
tt3779320,\N,\N,\N
tt37831531,\N,\N,\N
tt3784568,\N,\N,\N
tt37876227,\N,\N,\N
tt3793788,\N,\N,\N
tt37962136,\N,\N,\N
tt37986584,\N,\N,\N
tt38068737,\N,\N,\N
tt3815424,\N,\N,\N
tt3815704,\N,\N,\N
tt3816352,\N,\N,\N
tt38265117,\N,\N,\N
tt38504789,\N,\N,\N
tt38516972,\N,\N,\N
tt38518474,\N,\N,\N
tt3854840,\N,\N,\N
tt3856092,\N,\N,\N
tt3856142,\N,\N,\N
tt38593367,\N,\N,\N
tt38641692,\N,\N,\N
tt38716253,\N,\N,\N
tt38774805,\N,\N,\N
tt38776984,\N,\N,\N
tt38787149,\N,\N,\N
tt38870354,\N,\N,\N
tt38907227,\N,\N,\N
tt3892880,\N,\N,\N
tt38942752,\N,\N,\N
tt3894558,\N,\N,\N
tt3906064,\N,\N,\N
tt39092575,\N,\N,\N
tt39112666,\N,\N,\N
tt39130951,\N,\N,\N
tt3915054,\N,\N,\N
tt39169234,\N,\N,\N
tt3918184,\N,\N,\N
tt39207636,\N,\N,\N
tt39242750,\N,\N,\N
tt39300469,\N,\N,\N
tt39302002,\N,\N,\N
tt39302478,\N,\N,\N
tt39310285,\N,\N,\N
tt39377454,\N,\N,\N
tt39378618,\N,\N,\N
tt39389870,\N,\N,\N
tt39395846,\N,\N,\N
tt39510102,\N,\N,\N
tt3952246,\N,\N,\N
tt3961904,\N,\N,\N
tt39638575,\N,\N,\N
tt39655938,\N,\N,\N
tt3975174,\N,\N,\N
tt39762573,\N,\N,\N
tt3982854,\N,\N,\N
tt39830442,\N,\N,\N
tt3985328,\N,\N,\N
tt40018110,\N,\N,\N
tt4028220,\N,\N,\N
tt40288256,\N,\N,\N
tt4029780,\N,\N,\N
tt40311023,\N,\N,\N
tt4034236,\N,\N,\N
tt40350946,\N,\N,\N
tt40389737,\N,\N,\N
tt4046392,\N,\N,\N
tt40522035,\N,\N,\N
tt40647489,\N,\N,\N
tt4077386,\N,\N,\N
tt40828231,\N,\N,\N
tt4086046,\N,\N,\N
tt4092288,\N,\N,\N
tt4104022,\N,\N,\N
tt41156421,\N,\N,\N
tt4118740,\N,\N,\N
tt41535186,\N,\N,\N
tt41615889,\N,\N,\N
tt41973690,\N,\N,\N
tt4207014,\N,\N,\N
tt4218632,\N,\N,\N
tt42222130,\N,\N,\N
tt42421202,\N,\N,\N
tt42483708,\N,\N,\N
tt42664199,\N,\N,\N
tt42705316,\N,\N,\N
tt4273924,\N,\N,\N
tt4289812,\N,\N,\N
tt4292420,\N,\N,\N
tt4299302,\N,\N,\N
tt43209729,\N,\N,\N
tt4326814,\N,\N,\N
tt4331290,\N,\N,\N
tt43437600,\N,\N,\N
tt43573625,\N,\N,\N
tt43589731,\N,\N,\N
tt43594313,\N,\N,\N
tt43620160,\N,\N,\N
tt43622180,\N,\N,\N
tt43636886,\N,\N,\N
tt4366200,\N,\N,\N
tt4368388,\N,\N,\N
tt4369136,\N,\N,\N
tt4381280,\N,\N,\N
tt4419472,\N,\N,\N
tt4424560,\N,\N,\N
tt4433060,\N,\N,\N
tt4457716,\N,\N,\N
tt4457798,\N,\N,\N
tt4466494,\N,\N,\N
tt4468308,\N,\N,\N
tt4474924,\N,\N,\N
tt4477428,\N,\N,\N
tt4529180,\N,\N,\N
tt4541900,\N,\N,\N
tt4570910,\N,\N,\N
tt4587834,\N,\N,\N
tt4588982,\N,\N,\N
tt4603206,\N,\N,\N
tt4607708,\N,\N,\N
tt4610604,\N,\N,\N
tt4635920,\N,\N,\N
tt4641882,\N,\N,\N
tt4662730,\N,\N,\N
tt4665926,\N,\N,\N
tt4683448,\N,\N,\N
tt4737564,\N,\N,\N
tt4745762,\N,\N,\N
tt4761870,\N,\N,\N
tt4777534,\N,\N,\N
tt4788320,\N,\N,\N
tt4791252,\N,\N,\N
tt4800408,\N,\N,\N
tt4816366,\N,\N,\N
tt4817832,\N,\N,\N
tt4830834,\N,\N,\N
tt4837126,\N,\N,\N
tt4847546,\N,\N,\N
tt4850638,\N,\N,\N
tt4862468,\N,\N,\N
tt4866392,\N,\N,\N
tt4873338,\N,\N,\N
tt4884046,\N,\N,\N
tt4958742,\N,\N,\N
tt4965254,\N,\N,\N
tt4981904,\N,\N,\N
tt4981940,\N,\N,\N
tt5029776,\N,\N,\N
tt5069058,\N,\N,\N
tt5072466,\N,\N,\N
tt5097638,\N,\N,\N
tt5116378,\N,\N,\N
tt5120944,\N,\N,\N
tt5146068,\N,\N,\N
tt5166224,\N,\N,\N
tt5175822,\N,\N,\N
tt5219622,\N,\N,\N
tt5223126,\N,\N,\N
tt5224814,\N,\N,\N
tt5270732,\N,\N,\N
tt5287920,\N,\N,\N
tt5306690,\N,\N,\N
tt5334984,\N,\N,\N
tt5352034,\N,\N,\N
tt5455498,\N,\N,\N
tt5464144,\N,\N,\N
tt5497236,\N,\N,\N
tt5527536,\N,\N,\N
tt5547576,\N,\N,\N
tt5586480,\N,\N,\N
tt5592108,\N,\N,\N
tt5597246,\N,\N,\N
tt5609524,\N,\N,\N
tt5611320,\N,\N,\N
tt5619968,\N,\N,\N
tt5645172,\N,\N,\N
tt5666450,\N,\N,\N
tt5701120,\N,\N,\N
tt5729538,\N,\N,\N
tt5776398,\N,\N,\N
tt5783112,\N,\N,\N
tt5799362,\N,\N,\N
tt5812528,\N,\N,\N
tt5857628,\N,\N,\N
tt5861520,\N,\N,\N
tt5886526,\N,\N,\N
tt5903082,\N,\N,\N
tt5906778,\N,\N,\N
tt5907820,\N,\N,\N
tt5910248,\N,\N,\N
tt5941022,\N,\N,\N
tt5955162,\N,\N,\N
tt5970588,\N,\N,\N
tt5975082,\N,\N,\N
tt5985902,\N,\N,\N
tt6006666,\N,\N,\N
tt6018536,\N,\N,\N
tt6044908,\N,\N,\N
tt6055754,\N,\N,\N
tt6082562,\N,\N,\N
tt6089642,\N,\N,\N
tt6097252,\N,\N,\N
tt6110470,\N,\N,\N
tt6146716,\N,\N,\N
tt6222646,\N,\N,\N
tt6259946,\N,\N,\N
tt6269308,\N,\N,\N
tt6281004,\N,\N,\N
tt6284474,\N,\N,\N
tt6325480,\N,\N,\N
tt6374254,\N,\N,\N
tt6387506,\N,\N,\N
tt6430360,\N,\N,\N
tt6439720,\N,\N,\N
tt6448598,\N,\N,\N
tt6449604,\N,\N,\N
tt6449830,\N,\N,\N
tt6451318,\N,\N,\N
tt6513042,\N,\N,\N
tt6533312,\N,\N,\N
tt6543510,\N,\N,\N
tt6551244,\N,\N,\N
tt6567380,\N,\N,\N
tt7575082,\N,\N,\N
tt7596874,\N,\N,\N
tt7601594,\N,\N,\N
tt7641040,\N,\N,\N
tt7643116,\N,\N,\N
tt7665644,\N,\N,\N
tt7699376,\N,\N,\N
tt7743448,\N,\N,\N
tt7745984,\N,\N,\N
tt7758822,\N,\N,\N
tt7759626,\N,\N,\N
tt7770200,\N,\N,\N
tt7802124,\N,\N,\N
tt7810328,\N,\N,\N
tt7826026,\N,\N,\N
tt7844606,\N,\N,\N
tt7858228,\N,\N,\N
tt7874330,\N,\N,\N
tt7967600,\N,\N,\N
tt7984890,\N,\N,\N
tt8005682,\N,\N,\N
tt8041332,\N,\N,\N
tt8067252,\N,\N,\N
tt8109282,\N,\N,\N
tt8165260,\N,\N,\N
tt8193790,\N,\N,\N
tt8216718,\N,\N,\N
tt8228538,\N,\N,\N
tt8268466,\N,\N,\N
tt8302626,\N,\N,\N
tt8334558,\N,\N,\N
tt8347468,\N,\N,\N
tt8384954,\N,\N,\N
tt8389410,\N,\N,\N
tt8391432,\N,\N,\N
tt8408364,\N,\N,\N
tt8447014,\N,\N,\N
tt8477050,\N,\N,\N
tt8482096,\N,\N,\N
tt8487990,\N,\N,\N
tt8493938,\N,\N,\N
tt8521456,\N,\N,\N
tt8531794,\N,\N,\N
tt8548902,\N,\N,\N
tt8613046,\N,\N,\N
tt8635054,\N,\N,\N
tt8665738,\N,\N,\N
tt8667566,\N,\N,\N
tt8689450,\N,\N,\N
tt8707138,\N,\N,\N
tt8791586,\N,\N,\N
tt8806770,\N,\N,\N
tt8815382,\N,\N,\N
tt8819486,\N,\N,\N
tt8890550,\N,\N,\N
tt8897072,\N,\N,\N
tt8918864,\N,\N,\N
tt8927772,\N,\N,\N
tt8954344,\N,\N,\N
tt8980110,\N,\N,\N
tt9028124,\N,\N,\N
tt9046062,\N,\N,\N
tt9057096,\N,\N,\N
tt9061604,\N,\N,\N
tt9097740,\N,\N,\N
tt9115550,\N,\N,\N
tt9121950,\N,\N,\N
tt9129686,\N,\N,\N
tt9145968,\N,\N,\N
tt9154164,\N,\N,\N
tt9213874,\N,\N,\N
tt9223212,\N,\N,\N
tt9250530,\N,\N,\N
tt9273694,\N,\N,\N
tt9286924,\N,\N,\N
tt9319884,\N,\N,\N
tt9364624,\N,\N,\N
tt9365800,\N,\N,\N
tt9385434,\N,\N,\N
tt9403508,\N,\N,\N
tt9415848,\N,\N,\N
tt9419948,\N,\N,\N
tt9429444,\N,\N,\N
tt9430206,\N,\N,\N
tt9438194,\N,\N,\N
tt9554760,\N,\N,\N
tt9569006,\N,\N,\N
tt9580550,\N,\N,\N
tt9626568,\N,\N,\N
tt9649770,\N,\N,\N
tt9743020,\N,\N,\N
tt9766862,\N,\N,\N
tt9799044,\N,\N,\N
tt9813978,\N,\N,\N
tt9846718,\N,\N,\N
tt9865470,\N,\N,\N
tt9878242,\N,\N,\N
tt9892934,\N,\N,\N
tt9903802,\N,\N,\N
